Sample_ID	Region	Length (bp)	E[DoC]	BoC
367.bam_Will_Synd_cov.tsv	R1	80	0.0	0.0
367.bam_Will_Synd_cov.tsv	R2	205	0.0	0.0
367.bam_Will_Synd_cov.tsv	R3	245	0.0	0.0
367.bam_Will_Synd_cov.tsv	R4	300	0.0	0.0
367.bam_Will_Synd_cov.tsv	R5	230	0.0	0.0
ACAD17371_rmdup.bam_Will_Synd_cov.tsv	R1	80	0.0	0.0
ACAD17371_rmdup.bam_Will_Synd_cov.tsv	R2	205	0.0	0.0
ACAD17371_rmdup.bam_Will_Synd_cov.tsv	R3	245	0.465	0.465
ACAD17371_rmdup.bam_Will_Synd_cov.tsv	R4	300	0.0	0.0
ACAD17371_rmdup.bam_Will_Synd_cov.tsv	R5	230	0.0	0.0
AH574.bam_Will_Synd_cov.tsv	R1	80	0.0	0.0
AH574.bam_Will_Synd_cov.tsv	R2	205	0.927	0.6
AH574.bam_Will_Synd_cov.tsv	R3	245	0.433	0.433
AH574.bam_Will_Synd_cov.tsv	R4	300	0.383	0.267
AH574.bam_Will_Synd_cov.tsv	R5	230	0.0	0.0
AH575.bam_Will_Synd_cov.tsv	R1	80	1.05	0.65
AH575.bam_Will_Synd_cov.tsv	R2	205	1.341	0.693
AH575.bam_Will_Synd_cov.tsv	R3	245	1.127	0.633
AH575.bam_Will_Synd_cov.tsv	R4	300	0.843	0.633
AH575.bam_Will_Synd_cov.tsv	R5	230	1.335	0.752
AH577.bam_Will_Synd_cov.tsv	R1	80	0.4	0.4
AH577.bam_Will_Synd_cov.tsv	R2	205	0.566	0.424
AH577.bam_Will_Synd_cov.tsv	R3	245	0.665	0.518
AH577.bam_Will_Synd_cov.tsv	R4	300	0.607	0.477
AH577.bam_Will_Synd_cov.tsv	R5	230	0.791	0.696
AL2022_Turkey_rmdup.bam_Will_Synd_cov.tsv	R1	80	1.987	0.775
AL2022_Turkey_rmdup.bam_Will_Synd_cov.tsv	R2	205	4.229	1.0
AL2022_Turkey_rmdup.bam_Will_Synd_cov.tsv	R3	245	4.347	0.849
AL2022_Turkey_rmdup.bam_Will_Synd_cov.tsv	R4	300	2.85	0.8
AL2022_Turkey_rmdup.bam_Will_Synd_cov.tsv	R5	230	4.361	0.965
AL2242.bam_Will_Synd_cov.tsv	R1	80	0.525	0.525
AL2242.bam_Will_Synd_cov.tsv	R2	205	0.317	0.317
AL2242.bam_Will_Synd_cov.tsv	R3	245	0.633	0.571
AL2242.bam_Will_Synd_cov.tsv	R4	300	0.193	0.193
AL2242.bam_Will_Synd_cov.tsv	R5	230	0.57	0.448
AL2350_Botai_rmdup.bam_Will_Synd_cov.tsv	R1	80	0.537	0.537
AL2350_Botai_rmdup.bam_Will_Synd_cov.tsv	R2	205	0.771	0.59
AL2350_Botai_rmdup.bam_Will_Synd_cov.tsv	R3	245	1.049	0.661
AL2350_Botai_rmdup.bam_Will_Synd_cov.tsv	R4	300	0.797	0.5
AL2350_Botai_rmdup.bam_Will_Synd_cov.tsv	R5	230	1.287	0.852
AL2370.bam_Will_Synd_cov.tsv	R1	80	0.487	0.387
AL2370.bam_Will_Synd_cov.tsv	R2	205	0.376	0.376
AL2370.bam_Will_Synd_cov.tsv	R3	245	0.706	0.514
AL2370.bam_Will_Synd_cov.tsv	R4	300	0.133	0.133
AL2370.bam_Will_Synd_cov.tsv	R5	230	0.561	0.539
AL2397_Italy_rmdup.bam_Will_Synd_cov.tsv	R1	80	1.637	0.812
AL2397_Italy_rmdup.bam_Will_Synd_cov.tsv	R2	205	2.468	0.98
AL2397_Italy_rmdup.bam_Will_Synd_cov.tsv	R3	245	3.392	0.861
AL2397_Italy_rmdup.bam_Will_Synd_cov.tsv	R4	300	1.66	0.63
AL2397_Italy_rmdup.bam_Will_Synd_cov.tsv	R5	230	3.483	0.804
AL2541_rmdup_chrn.bam_Will_Synd_cov.tsv	R1	80	1.062	1.0
AL2541_rmdup_chrn.bam_Will_Synd_cov.tsv	R2	205	0.385	0.385
AL2541_rmdup_chrn.bam_Will_Synd_cov.tsv	R3	245	0.967	0.535
AL2541_rmdup_chrn.bam_Will_Synd_cov.tsv	R4	300	1.33	0.56
AL2541_rmdup_chrn.bam_Will_Synd_cov.tsv	R5	230	1.0	0.709
AL2571_Iran_rmdup.bam_Will_Synd_cov.tsv	R1	80	1.438	0.488
AL2571_Iran_rmdup.bam_Will_Synd_cov.tsv	R2	205	2.912	0.98
AL2571_Iran_rmdup.bam_Will_Synd_cov.tsv	R3	245	3.09	0.857
AL2571_Iran_rmdup.bam_Will_Synd_cov.tsv	R4	300	1.843	0.837
AL2571_Iran_rmdup.bam_Will_Synd_cov.tsv	R5	230	2.113	0.909
AL2657.bam_Will_Synd_cov.tsv	R1	80	0.125	0.125
AL2657.bam_Will_Synd_cov.tsv	R2	205	0.185	0.185
AL2657.bam_Will_Synd_cov.tsv	R3	245	0.873	0.624
AL2657.bam_Will_Synd_cov.tsv	R4	300	0.263	0.263
AL2657.bam_Will_Synd_cov.tsv	R5	230	0.552	0.552
AL2660_rmdup.bam_Will_Synd_cov.tsv	R1	80	0.0	0.0
AL2660_rmdup.bam_Will_Synd_cov.tsv	R2	205	0.59	0.59
AL2660_rmdup.bam_Will_Synd_cov.tsv	R3	245	10.135	0.453
AL2660_rmdup.bam_Will_Synd_cov.tsv	R4	300	0.0	0.0
AL2660_rmdup.bam_Will_Synd_cov.tsv	R5	230	0.47	0.47
AL2741_rmdup_chrn.bam_Will_Synd_cov.tsv	R1	80	1.025	0.738
AL2741_rmdup_chrn.bam_Will_Synd_cov.tsv	R2	205	0.576	0.4
AL2741_rmdup_chrn.bam_Will_Synd_cov.tsv	R3	245	0.865	0.796
AL2741_rmdup_chrn.bam_Will_Synd_cov.tsv	R4	300	0.56	0.4
AL2741_rmdup_chrn.bam_Will_Synd_cov.tsv	R5	230	0.326	0.326
AL2744.bam_Will_Synd_cov.tsv	R1	80	3.35	1.0
AL2744.bam_Will_Synd_cov.tsv	R2	205	1.605	0.79
AL2744.bam_Will_Synd_cov.tsv	R3	245	1.327	0.588
AL2744.bam_Will_Synd_cov.tsv	R4	300	2.427	0.793
AL2744.bam_Will_Synd_cov.tsv	R5	230	1.096	0.609
AL2893.bam_Will_Synd_cov.tsv	R1	80	0.0	0.0
AL2893.bam_Will_Synd_cov.tsv	R2	205	0.795	0.639
AL2893.bam_Will_Synd_cov.tsv	R3	245	1.171	0.665
AL2893.bam_Will_Synd_cov.tsv	R4	300	0.32	0.32
AL2893.bam_Will_Synd_cov.tsv	R5	230	0.574	0.548
AL2946_Plocnik_rmdup.bam_Will_Synd_cov.tsv	R1	80	0.0	0.0
AL2946_Plocnik_rmdup.bam_Will_Synd_cov.tsv	R2	205	1.049	0.761
AL2946_Plocnik_rmdup.bam_Will_Synd_cov.tsv	R3	245	0.453	0.282
AL2946_Plocnik_rmdup.bam_Will_Synd_cov.tsv	R4	300	0.44	0.44
AL2946_Plocnik_rmdup.bam_Will_Synd_cov.tsv	R5	230	1.078	0.652
AL3185_Pietrele_rmdup.bam_Will_Synd_cov.tsv	R1	80	4.263	0.95
AL3185_Pietrele_rmdup.bam_Will_Synd_cov.tsv	R2	205	1.966	0.751
AL3185_Pietrele_rmdup.bam_Will_Synd_cov.tsv	R3	245	1.061	0.608
AL3185_Pietrele_rmdup.bam_Will_Synd_cov.tsv	R4	300	0.48	0.38
AL3185_Pietrele_rmdup.bam_Will_Synd_cov.tsv	R5	230	1.6	0.713
AL3272.bam_Will_Synd_cov.tsv	R1	80	1.137	0.762
AL3272.bam_Will_Synd_cov.tsv	R2	205	0.434	0.434
AL3272.bam_Will_Synd_cov.tsv	R3	245	1.0	0.694
AL3272.bam_Will_Synd_cov.tsv	R4	300	0.63	0.457
AL3272.bam_Will_Synd_cov.tsv	R5	230	1.735	0.796
AL3284.bam_Will_Synd_cov.tsv	R1	80	0.0	0.0
AL3284.bam_Will_Synd_cov.tsv	R2	205	0.0	0.0
AL3284.bam_Will_Synd_cov.tsv	R3	245	0.0	0.0
AL3284.bam_Will_Synd_cov.tsv	R4	300	0.453	0.453
AL3284.bam_Will_Synd_cov.tsv	R5	230	0.222	0.222
ALAS_015.bam_Will_Synd_cov.tsv	R1	80	0.887	0.887
ALAS_015.bam_Will_Synd_cov.tsv	R2	205	3.054	1.0
ALAS_015.bam_Will_Synd_cov.tsv	R3	245	0.735	0.702
ALAS_015.bam_Will_Synd_cov.tsv	R4	300	0.77	0.5
ALAS_015.bam_Will_Synd_cov.tsv	R5	230	0.157	0.157
ALAS_016.bam_Will_Synd_cov.tsv	R1	80	5.263	0.863
ALAS_016.bam_Will_Synd_cov.tsv	R2	205	5.288	1.0
ALAS_016.bam_Will_Synd_cov.tsv	R3	245	6.037	1.0
ALAS_016.bam_Will_Synd_cov.tsv	R4	300	5.49	0.74
ALAS_016.bam_Will_Synd_cov.tsv	R5	230	6.496	0.783
ALAS_024.bam_Will_Synd_cov.tsv	R1	80	0.637	0.637
ALAS_024.bam_Will_Synd_cov.tsv	R2	205	1.946	0.902
ALAS_024.bam_Will_Synd_cov.tsv	R3	245	1.053	0.776
ALAS_024.bam_Will_Synd_cov.tsv	R4	300	0.847	0.513
ALAS_024.bam_Will_Synd_cov.tsv	R5	230	1.8	0.865
alc.realigned.bam_Will_Synd_cov.tsv	R1	80	7.0	1.0
alc.realigned.bam_Will_Synd_cov.tsv	R2	205	0.878	0.405
alc.realigned.bam_Will_Synd_cov.tsv	R3	245	1.278	0.722
alc.realigned.bam_Will_Synd_cov.tsv	R4	300	2.2	0.713
alc.realigned.bam_Will_Synd_cov.tsv	R5	230	1.587	0.752
ALPO01_02_P8903_1001_S1_L001_seqprep.canFam3.fa.srt.rmdup.80perc.bam_Will_Synd_cov.tsv	R1	80	0.562	0.562
ALPO01_02_P8903_1001_S1_L001_seqprep.canFam3.fa.srt.rmdup.80perc.bam_Will_Synd_cov.tsv	R2	205	0.922	0.79
ALPO01_02_P8903_1001_S1_L001_seqprep.canFam3.fa.srt.rmdup.80perc.bam_Will_Synd_cov.tsv	R3	245	1.22	0.743
ALPO01_02_P8903_1001_S1_L001_seqprep.canFam3.fa.srt.rmdup.80perc.bam_Will_Synd_cov.tsv	R4	300	1.023	0.473
ALPO01_02_P8903_1001_S1_L001_seqprep.canFam3.fa.srt.rmdup.80perc.bam_Will_Synd_cov.tsv	R5	230	0.674	0.587
ANH5_rmdup.bam_Will_Synd_cov.tsv	R1	80	0.0	0.0
ANH5_rmdup.bam_Will_Synd_cov.tsv	R2	205	4.083	0.946
ANH5_rmdup.bam_Will_Synd_cov.tsv	R3	245	5.147	0.702
ANH5_rmdup.bam_Will_Synd_cov.tsv	R4	300	4.193	0.693
ANH5_rmdup.bam_Will_Synd_cov.tsv	R5	230	2.891	0.926
ASHQ01_P8903_1002_S2_L002_seqprep.canFam3.fa.srt.rmdup.80perc.bam_Will_Synd_cov.tsv	R1	80	1.387	0.75
ASHQ01_P8903_1002_S2_L002_seqprep.canFam3.fa.srt.rmdup.80perc.bam_Will_Synd_cov.tsv	R2	205	2.839	1.0
ASHQ01_P8903_1002_S2_L002_seqprep.canFam3.fa.srt.rmdup.80perc.bam_Will_Synd_cov.tsv	R3	245	4.539	0.931
ASHQ01_P8903_1002_S2_L002_seqprep.canFam3.fa.srt.rmdup.80perc.bam_Will_Synd_cov.tsv	R4	300	3.617	0.657
ASHQ01_P8903_1002_S2_L002_seqprep.canFam3.fa.srt.rmdup.80perc.bam_Will_Synd_cov.tsv	R5	230	4.639	0.961
ASHQ06_P8903_1003_S3_L003_seqprep.canFam3.fa.srt.rmdup.80perc.bam_Will_Synd_cov.tsv	R1	80	3.875	0.925
ASHQ06_P8903_1003_S3_L003_seqprep.canFam3.fa.srt.rmdup.80perc.bam_Will_Synd_cov.tsv	R2	205	3.2	1.0
ASHQ06_P8903_1003_S3_L003_seqprep.canFam3.fa.srt.rmdup.80perc.bam_Will_Synd_cov.tsv	R3	245	2.465	0.931
ASHQ06_P8903_1003_S3_L003_seqprep.canFam3.fa.srt.rmdup.80perc.bam_Will_Synd_cov.tsv	R4	300	2.013	0.84
ASHQ06_P8903_1003_S3_L003_seqprep.canFam3.fa.srt.rmdup.80perc.bam_Will_Synd_cov.tsv	R5	230	1.417	0.8
ASHQ08_P8903_1004_S4_L004_seqprep.canFam3.fa.srt.rmdup.80perc.bam_Will_Synd_cov.tsv	R1	80	2.775	0.838
ASHQ08_P8903_1004_S4_L004_seqprep.canFam3.fa.srt.rmdup.80perc.bam_Will_Synd_cov.tsv	R2	205	2.985	0.98
ASHQ08_P8903_1004_S4_L004_seqprep.canFam3.fa.srt.rmdup.80perc.bam_Will_Synd_cov.tsv	R3	245	2.331	0.682
ASHQ08_P8903_1004_S4_L004_seqprep.canFam3.fa.srt.rmdup.80perc.bam_Will_Synd_cov.tsv	R4	300	4.667	0.937
ASHQ08_P8903_1004_S4_L004_seqprep.canFam3.fa.srt.rmdup.80perc.bam_Will_Synd_cov.tsv	R5	230	3.557	0.73
C26_Pad-Kalashkinova_6100BP_merged_P8902_seqprep.canFam3.fa.srt.rmdup.80perc.bam_Will_Synd_cov.tsv	R1	80	0.425	0.425
C26_Pad-Kalashkinova_6100BP_merged_P8902_seqprep.canFam3.fa.srt.rmdup.80perc.bam_Will_Synd_cov.tsv	R2	205	0.185	0.185
C26_Pad-Kalashkinova_6100BP_merged_P8902_seqprep.canFam3.fa.srt.rmdup.80perc.bam_Will_Synd_cov.tsv	R3	245	0.216	0.216
C26_Pad-Kalashkinova_6100BP_merged_P8902_seqprep.canFam3.fa.srt.rmdup.80perc.bam_Will_Synd_cov.tsv	R4	300	0.0	0.0
C26_Pad-Kalashkinova_6100BP_merged_P8902_seqprep.canFam3.fa.srt.rmdup.80perc.bam_Will_Synd_cov.tsv	R5	230	0.226	0.226
C27_Shamanka_6400BP_merged_P8902_seqprep.canFam3.fa.srt.rmdup.80perc.bam_Will_Synd_cov.tsv	R1	80	0.0	0.0
C27_Shamanka_6400BP_merged_P8902_seqprep.canFam3.fa.srt.rmdup.80perc.bam_Will_Synd_cov.tsv	R2	205	0.268	0.268
C27_Shamanka_6400BP_merged_P8902_seqprep.canFam3.fa.srt.rmdup.80perc.bam_Will_Synd_cov.tsv	R3	245	0.576	0.416
C27_Shamanka_6400BP_merged_P8902_seqprep.canFam3.fa.srt.rmdup.80perc.bam_Will_Synd_cov.tsv	R4	300	0.167	0.167
C27_Shamanka_6400BP_merged_P8902_seqprep.canFam3.fa.srt.rmdup.80perc.bam_Will_Synd_cov.tsv	R5	230	0.0	0.0
C32_Gelyakh_Uruya_merged_P8902_seqprep.canFam3.fa.srt.rmdup.80perc.bam_Will_Synd_cov.tsv	R1	80	6.225	1.0
C32_Gelyakh_Uruya_merged_P8902_seqprep.canFam3.fa.srt.rmdup.80perc.bam_Will_Synd_cov.tsv	R2	205	8.254	1.0
C32_Gelyakh_Uruya_merged_P8902_seqprep.canFam3.fa.srt.rmdup.80perc.bam_Will_Synd_cov.tsv	R3	245	2.229	0.751
C32_Gelyakh_Uruya_merged_P8902_seqprep.canFam3.fa.srt.rmdup.80perc.bam_Will_Synd_cov.tsv	R4	300	1.28	0.69
C32_Gelyakh_Uruya_merged_P8902_seqprep.canFam3.fa.srt.rmdup.80perc.bam_Will_Synd_cov.tsv	R5	230	2.543	0.578
C5_Krasnosamarskoe_merged_P8902_seqprep.canFam3.fa.srt.rmdup.80perc.bam_Will_Synd_cov.tsv	R1	80	0.0	0.0
C5_Krasnosamarskoe_merged_P8902_seqprep.canFam3.fa.srt.rmdup.80perc.bam_Will_Synd_cov.tsv	R2	205	1.268	0.629
C5_Krasnosamarskoe_merged_P8902_seqprep.canFam3.fa.srt.rmdup.80perc.bam_Will_Synd_cov.tsv	R3	245	0.429	0.429
C5_Krasnosamarskoe_merged_P8902_seqprep.canFam3.fa.srt.rmdup.80perc.bam_Will_Synd_cov.tsv	R4	300	0.18	0.18
C5_Krasnosamarskoe_merged_P8902_seqprep.canFam3.fa.srt.rmdup.80perc.bam_Will_Synd_cov.tsv	R5	230	0.396	0.396
C62_Apalle_merged_P8902_seqprep.canFam3.fa.srt.rmdup.80perc.bam_Will_Synd_cov.tsv	R1	80	1.3	1.0
C62_Apalle_merged_P8902_seqprep.canFam3.fa.srt.rmdup.80perc.bam_Will_Synd_cov.tsv	R2	205	2.717	0.898
C62_Apalle_merged_P8902_seqprep.canFam3.fa.srt.rmdup.80perc.bam_Will_Synd_cov.tsv	R3	245	1.506	0.849
C62_Apalle_merged_P8902_seqprep.canFam3.fa.srt.rmdup.80perc.bam_Will_Synd_cov.tsv	R4	300	0.57	0.397
C62_Apalle_merged_P8902_seqprep.canFam3.fa.srt.rmdup.80perc.bam_Will_Synd_cov.tsv	R5	230	1.557	0.7
C88_Gokhem_DNA49_PON001_merged.canFam3.fa.srt.rmdup.bam_Will_Synd_cov.tsv	R1	80	0.787	0.775
C88_Gokhem_DNA49_PON001_merged.canFam3.fa.srt.rmdup.bam_Will_Synd_cov.tsv	R2	205	1.639	0.668
C88_Gokhem_DNA49_PON001_merged.canFam3.fa.srt.rmdup.bam_Will_Synd_cov.tsv	R3	245	0.469	0.322
C88_Gokhem_DNA49_PON001_merged.canFam3.fa.srt.rmdup.bam_Will_Synd_cov.tsv	R4	300	0.467	0.297
C88_Gokhem_DNA49_PON001_merged.canFam3.fa.srt.rmdup.bam_Will_Synd_cov.tsv	R5	230	0.657	0.535
C89_Ajvide_DNA51_PON003_merged.canFam3.fa.srt.rmdup.bam_Will_Synd_cov.tsv	R1	80	0.55	0.412
C89_Ajvide_DNA51_PON003_merged.canFam3.fa.srt.rmdup.bam_Will_Synd_cov.tsv	R2	205	4.932	1.0
C89_Ajvide_DNA51_PON003_merged.canFam3.fa.srt.rmdup.bam_Will_Synd_cov.tsv	R3	245	2.241	0.853
C89_Ajvide_DNA51_PON003_merged.canFam3.fa.srt.rmdup.bam_Will_Synd_cov.tsv	R4	300	1.01	0.58
C89_Ajvide_DNA51_PON003_merged.canFam3.fa.srt.rmdup.bam_Will_Synd_cov.tsv	R5	230	0.661	0.361
C90_Ajvide_DNA54_PON006_merged.canFam3.fa.srt.rmdup.bam_Will_Synd_cov.tsv	R1	80	0.562	0.562
C90_Ajvide_DNA54_PON006_merged.canFam3.fa.srt.rmdup.bam_Will_Synd_cov.tsv	R2	205	1.229	0.702
C90_Ajvide_DNA54_PON006_merged.canFam3.fa.srt.rmdup.bam_Will_Synd_cov.tsv	R3	245	1.824	0.453
C90_Ajvide_DNA54_PON006_merged.canFam3.fa.srt.rmdup.bam_Will_Synd_cov.tsv	R4	300	0.623	0.39
C90_Ajvide_DNA54_PON006_merged.canFam3.fa.srt.rmdup.bam_Will_Synd_cov.tsv	R5	230	0.183	0.183
C94_StoraForvar_J5_merged_P8902_seqprep.canFam3.fa.srt.rmdup.80perc.bam_Will_Synd_cov.tsv	R1	80	0.013	0.012
C94_StoraForvar_J5_merged_P8902_seqprep.canFam3.fa.srt.rmdup.80perc.bam_Will_Synd_cov.tsv	R2	205	0.722	0.629
C94_StoraForvar_J5_merged_P8902_seqprep.canFam3.fa.srt.rmdup.80perc.bam_Will_Synd_cov.tsv	R3	245	0.559	0.559
C94_StoraForvar_J5_merged_P8902_seqprep.canFam3.fa.srt.rmdup.80perc.bam_Will_Synd_cov.tsv	R4	300	0.0	0.0
C94_StoraForvar_J5_merged_P8902_seqprep.canFam3.fa.srt.rmdup.80perc.bam_Will_Synd_cov.tsv	R5	230	0.0	0.0
cac.realigned.bam_Will_Synd_cov.tsv	R1	80	28.925	0.988
cac.realigned.bam_Will_Synd_cov.tsv	R2	205	5.244	0.527
cac.realigned.bam_Will_Synd_cov.tsv	R3	245	8.314	1.0
cac.realigned.bam_Will_Synd_cov.tsv	R4	300	8.817	0.917
cac.realigned.bam_Will_Synd_cov.tsv	R5	230	3.3	0.852
CGG23_reordered.bam_Will_Synd_cov.tsv	R1	80	7.575	0.988
CGG23_reordered.bam_Will_Synd_cov.tsv	R2	205	12.893	1.0
CGG23_reordered.bam_Will_Synd_cov.tsv	R3	245	13.661	1.0
CGG23_reordered.bam_Will_Synd_cov.tsv	R4	300	8.587	1.0
CGG23_reordered.bam_Will_Synd_cov.tsv	R5	230	14.765	1.0
CGG29_reordered.bam_Will_Synd_cov.tsv	R1	80	5.525	0.938
CGG29_reordered.bam_Will_Synd_cov.tsv	R2	205	11.146	1.0
CGG29_reordered.bam_Will_Synd_cov.tsv	R3	245	9.008	0.984
CGG29_reordered.bam_Will_Synd_cov.tsv	R4	300	4.667	0.723
CGG29_reordered.bam_Will_Synd_cov.tsv	R5	230	11.409	0.948
CGG32_reordered.bam_Will_Synd_cov.tsv	R1	80	12.463	0.887
CGG32_reordered.bam_Will_Synd_cov.tsv	R2	205	13.298	1.0
CGG32_reordered.bam_Will_Synd_cov.tsv	R3	245	13.996	1.0
CGG32_reordered.bam_Will_Synd_cov.tsv	R4	300	6.657	0.717
CGG32_reordered.bam_Will_Synd_cov.tsv	R5	230	10.839	0.978
CGG33.CanFam31.realigned_reordered.bam_Will_Synd_cov.tsv	R1	80	10.212	1.0
CGG33.CanFam31.realigned_reordered.bam_Will_Synd_cov.tsv	R2	205	11.8	1.0
CGG33.CanFam31.realigned_reordered.bam_Will_Synd_cov.tsv	R3	245	11.016	1.0
CGG33.CanFam31.realigned_reordered.bam_Will_Synd_cov.tsv	R4	300	6.233	1.0
CGG33.CanFam31.realigned_reordered.bam_Will_Synd_cov.tsv	R5	230	10.748	0.983
CGG34.bam_Will_Synd_cov.tsv	R1	80	0.6	0.6
CGG34.bam_Will_Synd_cov.tsv	R2	205	0.0	0.0
CGG34.bam_Will_Synd_cov.tsv	R3	245	0.0	0.0
CGG34.bam_Will_Synd_cov.tsv	R4	300	0.237	0.237
CGG34.bam_Will_Synd_cov.tsv	R5	230	0.0	0.0
CGG6.CanFam31.realigned.bam_Will_Synd_cov.tsv	R1	80	3.5	0.838
CGG6.CanFam31.realigned.bam_Will_Synd_cov.tsv	R2	205	17.102	1.0
CGG6.CanFam31.realigned.bam_Will_Synd_cov.tsv	R3	245	14.155	1.0
CGG6.CanFam31.realigned.bam_Will_Synd_cov.tsv	R4	300	7.123	0.78
CGG6.CanFam31.realigned.bam_Will_Synd_cov.tsv	R5	230	11.226	1.0
CH1109_Noyen_rmdup.bam_Will_Synd_cov.tsv	R1	80	0.0	0.0
CH1109_Noyen_rmdup.bam_Will_Synd_cov.tsv	R2	205	0.0	0.0
CH1109_Noyen_rmdup.bam_Will_Synd_cov.tsv	R3	245	0.0	0.0
CH1109_Noyen_rmdup.bam_Will_Synd_cov.tsv	R4	300	0.0	0.0
CH1109_Noyen_rmdup.bam_Will_Synd_cov.tsv	R5	230	0.0	0.0
CTC_SRR3417116_rmdup.bam_Will_Synd_cov.tsv	R1	80	5.4	0.963
CTC_SRR3417116_rmdup.bam_Will_Synd_cov.tsv	R2	205	9.985	1.0
CTC_SRR3417116_rmdup.bam_Will_Synd_cov.tsv	R3	245	8.71	0.939
CTC_SRR3417116_rmdup.bam_Will_Synd_cov.tsv	R4	300	7.3	0.933
CTC_SRR3417116_rmdup.bam_Will_Synd_cov.tsv	R5	230	4.278	0.709
DS04.bam_Will_Synd_cov.tsv	R1	80	0.0	0.0
DS04.bam_Will_Synd_cov.tsv	R2	205	1.634	0.937
DS04.bam_Will_Synd_cov.tsv	R3	245	1.433	0.706
DS04.bam_Will_Synd_cov.tsv	R4	300	0.29	0.287
DS04.bam_Will_Synd_cov.tsv	R5	230	0.978	0.617
F3781_Siberia_LOW004_P6863_1003_L003_Undetermined_seqprep.canFam3.fa.srt.rmdup.80perc.bam_Will_Synd_cov.tsv	R1	80	0.0	0.0
F3781_Siberia_LOW004_P6863_1003_L003_Undetermined_seqprep.canFam3.fa.srt.rmdup.80perc.bam_Will_Synd_cov.tsv	R2	205	1.444	0.659
F3781_Siberia_LOW004_P6863_1003_L003_Undetermined_seqprep.canFam3.fa.srt.rmdup.80perc.bam_Will_Synd_cov.tsv	R3	245	1.976	0.653
F3781_Siberia_LOW004_P6863_1003_L003_Undetermined_seqprep.canFam3.fa.srt.rmdup.80perc.bam_Will_Synd_cov.tsv	R4	300	1.907	0.667
F3781_Siberia_LOW004_P6863_1003_L003_Undetermined_seqprep.canFam3.fa.srt.rmdup.80perc.bam_Will_Synd_cov.tsv	R5	230	0.596	0.474
glw.realigned.bam_Will_Synd_cov.tsv	R1	80	25.325	1.0
glw.realigned.bam_Will_Synd_cov.tsv	R2	205	13.863	1.0
glw.realigned.bam_Will_Synd_cov.tsv	R3	245	18.073	1.0
glw.realigned.bam_Will_Synd_cov.tsv	R4	300	24.297	1.0
glw.realigned.bam_Will_Synd_cov.tsv	R5	230	10.017	1.0
HellsGap11000_rmdup.bam_Will_Synd_cov.tsv	R1	80	0.0	0.0
HellsGap11000_rmdup.bam_Will_Synd_cov.tsv	R2	205	1.083	0.751
HellsGap11000_rmdup.bam_Will_Synd_cov.tsv	R3	245	1.608	0.539
HellsGap11000_rmdup.bam_Will_Synd_cov.tsv	R4	300	0.29	0.177
HellsGap11000_rmdup.bam_Will_Synd_cov.tsv	R5	230	1.552	0.587
HellsGap2500_rmdup.bam_Will_Synd_cov.tsv	R1	80	0.212	0.213
HellsGap2500_rmdup.bam_Will_Synd_cov.tsv	R2	205	0.0	0.0
HellsGap2500_rmdup.bam_Will_Synd_cov.tsv	R3	245	0.249	0.249
HellsGap2500_rmdup.bam_Will_Synd_cov.tsv	R4	300	0.2	0.2
HellsGap2500_rmdup.bam_Will_Synd_cov.tsv	R5	230	0.565	0.417
HMNH_007.bam_Will_Synd_cov.tsv	R1	80	0.713	0.463
HMNH_007.bam_Will_Synd_cov.tsv	R2	205	1.327	0.922
HMNH_007.bam_Will_Synd_cov.tsv	R3	245	0.82	0.612
HMNH_007.bam_Will_Synd_cov.tsv	R4	300	0.97	0.477
HMNH_007.bam_Will_Synd_cov.tsv	R5	230	1.83	0.922
HMNH_011.bam_Will_Synd_cov.tsv	R1	80	0.412	0.338
HMNH_011.bam_Will_Synd_cov.tsv	R2	205	3.541	1.0
HMNH_011.bam_Will_Synd_cov.tsv	R3	245	1.122	0.469
HMNH_011.bam_Will_Synd_cov.tsv	R4	300	1.81	0.683
HMNH_011.bam_Will_Synd_cov.tsv	R5	230	1.387	0.887
HMNH_017.bam_Will_Synd_cov.tsv	R1	80	0.0	0.0
HMNH_017.bam_Will_Synd_cov.tsv	R2	205	0.454	0.332
HMNH_017.bam_Will_Synd_cov.tsv	R3	245	0.596	0.461
HMNH_017.bam_Will_Synd_cov.tsv	R4	300	0.477	0.307
HMNH_017.bam_Will_Synd_cov.tsv	R5	230	0.204	0.204
HOV4.bam_Will_Synd_cov.tsv	R1	80	0.1	0.1
HOV4.bam_Will_Synd_cov.tsv	R2	205	0.878	0.639
HOV4.bam_Will_Synd_cov.tsv	R3	245	0.453	0.429
HOV4.bam_Will_Synd_cov.tsv	R4	300	0.203	0.203
HOV4.bam_Will_Synd_cov.tsv	R5	230	0.526	0.383
HXH_SRR3417117_rmdup.bam_Will_Synd_cov.tsv	R1	80	7.375	0.875
HXH_SRR3417117_rmdup.bam_Will_Synd_cov.tsv	R2	205	6.727	1.0
HXH_SRR3417117_rmdup.bam_Will_Synd_cov.tsv	R3	245	8.229	1.0
HXH_SRR3417117_rmdup.bam_Will_Synd_cov.tsv	R4	300	3.797	0.807
HXH_SRR3417117_rmdup.bam_Will_Synd_cov.tsv	R5	230	6.274	0.939
IN18_005.bam_Will_Synd_cov.tsv	R1	80	0.0	0.0
IN18_005.bam_Will_Synd_cov.tsv	R2	205	6.112	1.0
IN18_005.bam_Will_Synd_cov.tsv	R3	245	3.567	0.739
IN18_005.bam_Will_Synd_cov.tsv	R4	300	2.423	0.87
IN18_005.bam_Will_Synd_cov.tsv	R5	230	2.57	0.7
IN18_016.bam_Will_Synd_cov.tsv	R1	80	8.737	1.0
IN18_016.bam_Will_Synd_cov.tsv	R2	205	75.966	1.0
IN18_016.bam_Will_Synd_cov.tsv	R3	245	49.094	1.0
IN18_016.bam_Will_Synd_cov.tsv	R4	300	27.96	0.967
IN18_016.bam_Will_Synd_cov.tsv	R5	230	49.887	0.987
inw.realigned.bam_Will_Synd_cov.tsv	R1	80	38.725	0.988
inw.realigned.bam_Will_Synd_cov.tsv	R2	205	3.532	0.537
inw.realigned.bam_Will_Synd_cov.tsv	R3	245	11.584	1.0
inw.realigned.bam_Will_Synd_cov.tsv	R4	300	12.867	0.903
inw.realigned.bam_Will_Synd_cov.tsv	R5	230	5.774	0.93
IRK.canFam31.bam_Will_Synd_cov.tsv	R1	80	0.562	0.562
IRK.canFam31.bam_Will_Synd_cov.tsv	R2	205	0.322	0.322
IRK.canFam31.bam_Will_Synd_cov.tsv	R3	245	0.0	0.0
IRK.canFam31.bam_Will_Synd_cov.tsv	R4	300	0.38	0.24
IRK.canFam31.bam_Will_Synd_cov.tsv	R5	230	0.074	0.074
irw.realigned.bam_Will_Synd_cov.tsv	R1	80	28.113	0.975
irw.realigned.bam_Will_Synd_cov.tsv	R2	205	11.673	1.0
irw.realigned.bam_Will_Synd_cov.tsv	R3	245	9.159	0.743
irw.realigned.bam_Will_Synd_cov.tsv	R4	300	4.21	0.663
irw.realigned.bam_Will_Synd_cov.tsv	R5	230	5.222	0.77
ita.realigned.bam_Will_Synd_cov.tsv	R1	80	7.175	0.963
ita.realigned.bam_Will_Synd_cov.tsv	R2	205	1.405	0.488
ita.realigned.bam_Will_Synd_cov.tsv	R3	245	1.531	0.416
ita.realigned.bam_Will_Synd_cov.tsv	R4	300	4.97	1.0
ita.realigned.bam_Will_Synd_cov.tsv	R5	230	1.043	0.952
JAL385.bam_Will_Synd_cov.tsv	R1	80	2.325	0.6
JAL385.bam_Will_Synd_cov.tsv	R2	205	2.854	1.0
JAL385.bam_Will_Synd_cov.tsv	R3	245	3.004	0.963
JAL385.bam_Will_Synd_cov.tsv	R4	300	2.877	0.787
JAL385.bam_Will_Synd_cov.tsv	R5	230	3.678	0.878
JAL48.bam_Will_Synd_cov.tsv	R1	80	1.525	0.95
JAL48.bam_Will_Synd_cov.tsv	R2	205	1.317	0.776
JAL48.bam_Will_Synd_cov.tsv	R3	245	2.551	0.722
JAL48.bam_Will_Synd_cov.tsv	R4	300	0.367	0.367
JAL48.bam_Will_Synd_cov.tsv	R5	230	0.787	0.622
JAL65.bam_Will_Synd_cov.tsv	R1	80	0.0	0.0
JAL65.bam_Will_Synd_cov.tsv	R2	205	0.205	0.205
JAL65.bam_Will_Synd_cov.tsv	R3	245	0.0	0.0
JAL65.bam_Will_Synd_cov.tsv	R4	300	0.13	0.13
JAL65.bam_Will_Synd_cov.tsv	R5	230	0.17	0.17
JAL69.bam_Will_Synd_cov.tsv	R1	80	0.0	0.0
JAL69.bam_Will_Synd_cov.tsv	R2	205	2.805	0.873
JAL69.bam_Will_Synd_cov.tsv	R3	245	1.498	0.718
JAL69.bam_Will_Synd_cov.tsv	R4	300	1.593	0.467
JAL69.bam_Will_Synd_cov.tsv	R5	230	2.652	0.883
JK2174.bam_Will_Synd_cov.tsv	R1	80	1.712	0.825
JK2174.bam_Will_Synd_cov.tsv	R2	205	0.0	0.0
JK2174.bam_Will_Synd_cov.tsv	R3	245	0.143	0.073
JK2174.bam_Will_Synd_cov.tsv	R4	300	0.223	0.117
JK2174.bam_Will_Synd_cov.tsv	R5	230	0.091	0.091
JK2175.bam_Will_Synd_cov.tsv	R1	80	0.438	0.438
JK2175.bam_Will_Synd_cov.tsv	R2	205	0.005	0.005
JK2175.bam_Will_Synd_cov.tsv	R3	245	0.041	0.041
JK2175.bam_Will_Synd_cov.tsv	R4	300	0.0	0.0
JK2175.bam_Will_Synd_cov.tsv	R5	230	0.0	0.0
JK2179.bam_Will_Synd_cov.tsv	R1	80	3.512	0.963
JK2179.bam_Will_Synd_cov.tsv	R2	205	0.522	0.429
JK2179.bam_Will_Synd_cov.tsv	R3	245	0.286	0.278
JK2179.bam_Will_Synd_cov.tsv	R4	300	0.903	0.493
JK2179.bam_Will_Synd_cov.tsv	R5	230	0.057	0.057
JK2181.bam_Will_Synd_cov.tsv	R1	80	1.188	0.875
JK2181.bam_Will_Synd_cov.tsv	R2	205	0.0	0.0
JK2181.bam_Will_Synd_cov.tsv	R3	245	0.412	0.404
JK2181.bam_Will_Synd_cov.tsv	R4	300	0.173	0.173
JK2181.bam_Will_Synd_cov.tsv	R5	230	0.0	0.0
JK2183.bam_Will_Synd_cov.tsv	R1	80	6.525	1.0
JK2183.bam_Will_Synd_cov.tsv	R2	205	0.454	0.137
JK2183.bam_Will_Synd_cov.tsv	R3	245	0.396	0.212
JK2183.bam_Will_Synd_cov.tsv	R4	300	0.4	0.163
JK2183.bam_Will_Synd_cov.tsv	R5	230	0.143	0.096
LOW002.bam_Will_Synd_cov.tsv	R1	80	3.188	0.912
LOW002.bam_Will_Synd_cov.tsv	R2	205	9.512	1.0
LOW002.bam_Will_Synd_cov.tsv	R3	245	4.935	0.967
LOW002.bam_Will_Synd_cov.tsv	R4	300	2.833	0.803
LOW002.bam_Will_Synd_cov.tsv	R5	230	5.691	0.778
LOW003.bam_Will_Synd_cov.tsv	R1	80	6.162	1.0
LOW003.bam_Will_Synd_cov.tsv	R2	205	9.21	1.0
LOW003.bam_Will_Synd_cov.tsv	R3	245	9.127	0.939
LOW003.bam_Will_Synd_cov.tsv	R4	300	6.283	1.0
LOW003.bam_Will_Synd_cov.tsv	R5	230	11.448	0.83
LOW006.bam_Will_Synd_cov.tsv	R1	80	1.55	0.95
LOW006.bam_Will_Synd_cov.tsv	R2	205	11.585	0.927
LOW006.bam_Will_Synd_cov.tsv	R3	245	8.184	0.873
LOW006.bam_Will_Synd_cov.tsv	R4	300	5.187	1.0
LOW006.bam_Will_Synd_cov.tsv	R5	230	12.57	0.983
LOW007.bam_Will_Synd_cov.tsv	R1	80	1.175	0.9
LOW007.bam_Will_Synd_cov.tsv	R2	205	8.62	0.941
LOW007.bam_Will_Synd_cov.tsv	R3	245	3.502	0.853
LOW007.bam_Will_Synd_cov.tsv	R4	300	3.91	0.943
LOW007.bam_Will_Synd_cov.tsv	R5	230	4.257	0.904
LOW008.bam_Will_Synd_cov.tsv	R1	80	0.0	0.0
LOW008.bam_Will_Synd_cov.tsv	R2	205	3.093	0.785
LOW008.bam_Will_Synd_cov.tsv	R3	245	1.347	0.661
LOW008.bam_Will_Synd_cov.tsv	R4	300	1.753	0.627
LOW008.bam_Will_Synd_cov.tsv	R5	230	4.139	0.952
MCZ_25374.final.bam_Will_Synd_cov.tsv	R1	80	0.0	0.0
MCZ_25374.final.bam_Will_Synd_cov.tsv	R2	205	8.527	1.0
MCZ_25374.final.bam_Will_Synd_cov.tsv	R3	245	8.143	0.849
MCZ_25374.final.bam_Will_Synd_cov.tsv	R4	300	4.04	0.813
MCZ_25374.final.bam_Will_Synd_cov.tsv	R5	230	11.217	0.978
MCZ_BOM_11183.final.bam_Will_Synd_cov.tsv	R1	80	15.175	0.963
MCZ_BOM_11183.final.bam_Will_Synd_cov.tsv	R2	205	102.98	1.0
MCZ_BOM_11183.final.bam_Will_Synd_cov.tsv	R3	245	97.571	1.0
MCZ_BOM_11183.final.bam_Will_Synd_cov.tsv	R4	300	57.23	1.0
MCZ_BOM_11183.final.bam_Will_Synd_cov.tsv	R5	230	63.139	1.0
merged_portauchoix_Canfam31.bam_Will_Synd_cov.tsv	R1	80	12.7	0.85
merged_portauchoix_Canfam31.bam_Will_Synd_cov.tsv	R2	205	5.078	1.0
merged_portauchoix_Canfam31.bam_Will_Synd_cov.tsv	R3	245	8.171	1.0
merged_portauchoix_Canfam31.bam_Will_Synd_cov.tsv	R4	300	4.417	0.75
merged_portauchoix_Canfam31.bam_Will_Synd_cov.tsv	R5	230	5.248	1.0
montana_wolf.realigned.bam_Will_Synd_cov.tsv	R1	80	37.113	0.95
montana_wolf.realigned.bam_Will_Synd_cov.tsv	R2	205	12.673	1.0
montana_wolf.realigned.bam_Will_Synd_cov.tsv	R3	245	8.755	1.0
montana_wolf.realigned.bam_Will_Synd_cov.tsv	R4	300	8.163	0.83
montana_wolf.realigned.bam_Will_Synd_cov.tsv	R5	230	6.183	1.0
NGDG_fullmerge_rmdup_rmdup_realgined_6_5_15.bam_Will_Synd_cov.tsv	R1	80	25.575	0.975
NGDG_fullmerge_rmdup_rmdup_realgined_6_5_15.bam_Will_Synd_cov.tsv	R2	205	23.312	1.0
NGDG_fullmerge_rmdup_rmdup_realgined_6_5_15.bam_Will_Synd_cov.tsv	R3	245	20.551	1.0
NGDG_fullmerge_rmdup_rmdup_realgined_6_5_15.bam_Will_Synd_cov.tsv	R4	300	14.733	0.987
NGDG_fullmerge_rmdup_rmdup_realgined_6_5_15.bam_Will_Synd_cov.tsv	R5	230	19.743	1.0
NMNH_137125.final.bam_Will_Synd_cov.tsv	R1	80	3.413	0.95
NMNH_137125.final.bam_Will_Synd_cov.tsv	R2	205	44.937	1.0
NMNH_137125.final.bam_Will_Synd_cov.tsv	R3	245	54.086	1.0
NMNH_137125.final.bam_Will_Synd_cov.tsv	R4	300	26.813	0.813
NMNH_137125.final.bam_Will_Synd_cov.tsv	R5	230	45.243	0.926
NMNH_223936.final.bam_Will_Synd_cov.tsv	R1	80	1.9	0.95
NMNH_223936.final.bam_Will_Synd_cov.tsv	R2	205	100.112	1.0
NMNH_223936.final.bam_Will_Synd_cov.tsv	R3	245	98.171	1.0
NMNH_223936.final.bam_Will_Synd_cov.tsv	R4	300	35.47	0.857
NMNH_223936.final.bam_Will_Synd_cov.tsv	R5	230	72.261	0.996
NMNH_224185.final.bam_Will_Synd_cov.tsv	R1	80	6.55	0.95
NMNH_224185.final.bam_Will_Synd_cov.tsv	R2	205	46.093	1.0
NMNH_224185.final.bam_Will_Synd_cov.tsv	R3	245	46.192	1.0
NMNH_224185.final.bam_Will_Synd_cov.tsv	R4	300	22.347	0.957
NMNH_224185.final.bam_Will_Synd_cov.tsv	R5	230	37.583	1.0
NMNH_234427.final.bam_Will_Synd_cov.tsv	R1	80	1.662	0.9
NMNH_234427.final.bam_Will_Synd_cov.tsv	R2	205	9.249	1.0
NMNH_234427.final.bam_Will_Synd_cov.tsv	R3	245	7.898	1.0
NMNH_234427.final.bam_Will_Synd_cov.tsv	R4	300	5.07	0.81
NMNH_234427.final.bam_Will_Synd_cov.tsv	R5	230	9.213	0.961
NMNH_264482.final.bam_Will_Synd_cov.tsv	R1	80	3.125	0.95
NMNH_264482.final.bam_Will_Synd_cov.tsv	R2	205	6.79	1.0
NMNH_264482.final.bam_Will_Synd_cov.tsv	R3	245	8.845	0.886
NMNH_264482.final.bam_Will_Synd_cov.tsv	R4	300	4.503	0.813
NMNH_264482.final.bam_Will_Synd_cov.tsv	R5	230	6.93	0.809
NMNH_52057.final.bam_Will_Synd_cov.tsv	R1	80	2.05	0.838
NMNH_52057.final.bam_Will_Synd_cov.tsv	R2	205	6.249	0.907
NMNH_52057.final.bam_Will_Synd_cov.tsv	R3	245	6.816	0.829
NMNH_52057.final.bam_Will_Synd_cov.tsv	R4	300	2.29	0.623
NMNH_52057.final.bam_Will_Synd_cov.tsv	R5	230	4.678	0.8
NMNH_64968.final.bam_Will_Synd_cov.tsv	R1	80	0.0	0.0
NMNH_64968.final.bam_Will_Synd_cov.tsv	R2	205	7.38	1.0
NMNH_64968.final.bam_Will_Synd_cov.tsv	R3	245	6.408	0.833
NMNH_64968.final.bam_Will_Synd_cov.tsv	R4	300	2.96	0.663
NMNH_64968.final.bam_Will_Synd_cov.tsv	R5	230	8.33	0.874
NMW_005.bam_Will_Synd_cov.tsv	R1	80	0.6	0.6
NMW_005.bam_Will_Synd_cov.tsv	R2	205	1.371	0.771
NMW_005.bam_Will_Synd_cov.tsv	R3	245	0.865	0.71
NMW_005.bam_Will_Synd_cov.tsv	R4	300	0.797	0.527
NMW_005.bam_Will_Synd_cov.tsv	R5	230	0.639	0.517
OL4029_Spain_rmdup.bam_Will_Synd_cov.tsv	R1	80	0.0	0.0
OL4029_Spain_rmdup.bam_Will_Synd_cov.tsv	R2	205	0.39	0.39
OL4029_Spain_rmdup.bam_Will_Synd_cov.tsv	R3	245	0.363	0.363
OL4029_Spain_rmdup.bam_Will_Synd_cov.tsv	R4	300	0.203	0.203
OL4029_Spain_rmdup.bam_Will_Synd_cov.tsv	R5	230	0.0	0.0
OL4061_Veretye_rmdup.bam_Will_Synd_cov.tsv	R1	80	0.487	0.488
OL4061_Veretye_rmdup.bam_Will_Synd_cov.tsv	R2	205	3.424	1.0
OL4061_Veretye_rmdup.bam_Will_Synd_cov.tsv	R3	245	3.539	0.812
OL4061_Veretye_rmdup.bam_Will_Synd_cov.tsv	R4	300	1.953	0.69
OL4061_Veretye_rmdup.bam_Will_Synd_cov.tsv	R5	230	1.904	0.63
OL4222_Greece_rmdup.bam_Will_Synd_cov.tsv	R1	80	1.238	0.838
OL4222_Greece_rmdup.bam_Will_Synd_cov.tsv	R2	205	2.849	0.99
OL4222_Greece_rmdup.bam_Will_Synd_cov.tsv	R3	245	3.282	1.0
OL4222_Greece_rmdup.bam_Will_Synd_cov.tsv	R4	300	1.923	0.83
OL4222_Greece_rmdup.bam_Will_Synd_cov.tsv	R5	230	1.113	0.678
OL4223_Baikal_rmdup.bam_Will_Synd_cov.tsv	R1	80	1.5	0.613
OL4223_Baikal_rmdup.bam_Will_Synd_cov.tsv	R2	205	0.932	0.22
OL4223_Baikal_rmdup.bam_Will_Synd_cov.tsv	R3	245	2.086	0.771
OL4223_Baikal_rmdup.bam_Will_Synd_cov.tsv	R4	300	2.477	0.913
OL4223_Baikal_rmdup.bam_Will_Synd_cov.tsv	R5	230	3.391	0.857
PDM100.bam_Will_Synd_cov.tsv	R1	80	0.0	0.0
PDM100.bam_Will_Synd_cov.tsv	R2	205	0.0	0.0
PDM100.bam_Will_Synd_cov.tsv	R3	245	0.0	0.0
PDM100.bam_Will_Synd_cov.tsv	R4	300	0.0	0.0
PDM100.bam_Will_Synd_cov.tsv	R5	230	0.0	0.0
PON012.bam_Will_Synd_cov.tsv	R1	80	2.038	0.838
PON012.bam_Will_Synd_cov.tsv	R2	205	3.971	0.932
PON012.bam_Will_Synd_cov.tsv	R3	245	2.641	0.808
PON012.bam_Will_Synd_cov.tsv	R4	300	2.763	0.933
PON012.bam_Will_Synd_cov.tsv	R5	230	5.791	0.726
ptw.realigned.bam_Will_Synd_cov.tsv	R1	80	26.037	1.0
ptw.realigned.bam_Will_Synd_cov.tsv	R2	205	5.722	0.937
ptw.realigned.bam_Will_Synd_cov.tsv	R3	245	14.91	1.0
ptw.realigned.bam_Will_Synd_cov.tsv	R4	300	20.373	1.0
ptw.realigned.bam_Will_Synd_cov.tsv	R5	230	9.822	0.943
rwa.realigned.bam_Will_Synd_cov.tsv	R1	80	26.375	1.0
rwa.realigned.bam_Will_Synd_cov.tsv	R2	205	6.966	0.566
rwa.realigned.bam_Will_Synd_cov.tsv	R3	245	8.429	0.865
rwa.realigned.bam_Will_Synd_cov.tsv	R4	300	3.22	0.72
rwa.realigned.bam_Will_Synd_cov.tsv	R5	230	4.2	0.665
rwb.realigned.bam_Will_Synd_cov.tsv	R1	80	9.137	0.988
rwb.realigned.bam_Will_Synd_cov.tsv	R2	205	0.82	0.351
rwb.realigned.bam_Will_Synd_cov.tsv	R3	245	1.351	0.645
rwb.realigned.bam_Will_Synd_cov.tsv	R4	300	1.763	0.78
rwb.realigned.bam_Will_Synd_cov.tsv	R5	230	1.561	0.791
SC1061_rmdup.bam_Will_Synd_cov.tsv	R1	80	13.312	1.0
SC1061_rmdup.bam_Will_Synd_cov.tsv	R2	205	23.161	1.0
SC1061_rmdup.bam_Will_Synd_cov.tsv	R3	245	25.645	1.0
SC1061_rmdup.bam_Will_Synd_cov.tsv	R4	300	17.39	0.9
SC1061_rmdup.bam_Will_Synd_cov.tsv	R5	230	19.93	1.0
SC19.MCJ010.bam_Will_Synd_cov.tsv	R1	80	2.212	0.887
SC19.MCJ010.bam_Will_Synd_cov.tsv	R2	205	2.229	1.0
SC19.MCJ010.bam_Will_Synd_cov.tsv	R3	245	1.967	0.682
SC19.MCJ010.bam_Will_Synd_cov.tsv	R4	300	2.473	0.607
SC19.MCJ010.bam_Will_Synd_cov.tsv	R5	230	2.752	0.678
SC19.MCJ014.bam_Will_Synd_cov.tsv	R1	80	1.425	0.95
SC19.MCJ014.bam_Will_Synd_cov.tsv	R2	205	1.922	0.668
SC19.MCJ014.bam_Will_Synd_cov.tsv	R3	245	1.641	0.502
SC19.MCJ014.bam_Will_Synd_cov.tsv	R4	300	0.16	0.16
SC19.MCJ014.bam_Will_Synd_cov.tsv	R5	230	1.457	0.687
SC19.MCJ015.bam_Will_Synd_cov.tsv	R1	80	2.25	0.75
SC19.MCJ015.bam_Will_Synd_cov.tsv	R2	205	0.424	0.424
SC19.MCJ015.bam_Will_Synd_cov.tsv	R3	245	2.098	0.845
SC19.MCJ015.bam_Will_Synd_cov.tsv	R4	300	2.52	0.62
SC19.MCJ015.bam_Will_Synd_cov.tsv	R5	230	2.152	0.887
SC19.MCJ017.bam_Will_Synd_cov.tsv	R1	80	0.0	0.0
SC19.MCJ017.bam_Will_Synd_cov.tsv	R2	205	0.58	0.434
SC19.MCJ017.bam_Will_Synd_cov.tsv	R3	245	0.702	0.506
SC19.MCJ017.bam_Will_Synd_cov.tsv	R4	300	0.397	0.293
SC19.MCJ017.bam_Will_Synd_cov.tsv	R5	230	0.878	0.561
SOTN01_merged_P8903_1005_S5_L005_1006_S6_L006_seqprep.canFam3.fa.srt.rmdup.bam_Will_Synd_cov.tsv	R1	80	12.012	0.963
SOTN01_merged_P8903_1005_S5_L005_1006_S6_L006_seqprep.canFam3.fa.srt.rmdup.bam_Will_Synd_cov.tsv	R2	205	9.288	1.0
SOTN01_merged_P8903_1005_S5_L005_1006_S6_L006_seqprep.canFam3.fa.srt.rmdup.bam_Will_Synd_cov.tsv	R3	245	14.416	1.0
SOTN01_merged_P8903_1005_S5_L005_1006_S6_L006_seqprep.canFam3.fa.srt.rmdup.bam_Will_Synd_cov.tsv	R4	300	6.127	0.893
SOTN01_merged_P8903_1005_S5_L005_1006_S6_L006_seqprep.canFam3.fa.srt.rmdup.bam_Will_Synd_cov.tsv	R5	230	10.696	0.891
Taimyr-1.bam_Will_Synd_cov.tsv	R1	80	0.0	0.0
Taimyr-1.bam_Will_Synd_cov.tsv	R2	205	0.063	0.063
Taimyr-1.bam_Will_Synd_cov.tsv	R3	245	0.233	0.167
Taimyr-1.bam_Will_Synd_cov.tsv	R4	300	0.027	0.027
Taimyr-1.bam_Will_Synd_cov.tsv	R5	230	0.0	0.0
TGEZ06_P8903_1007_S7_L007_seqprep.canFam3.fa.srt.rmdup.80perc.bam_Will_Synd_cov.tsv	R1	80	0.412	0.412
TGEZ06_P8903_1007_S7_L007_seqprep.canFam3.fa.srt.rmdup.80perc.bam_Will_Synd_cov.tsv	R2	205	0.771	0.61
TGEZ06_P8903_1007_S7_L007_seqprep.canFam3.fa.srt.rmdup.80perc.bam_Will_Synd_cov.tsv	R3	245	0.833	0.629
TGEZ06_P8903_1007_S7_L007_seqprep.canFam3.fa.srt.rmdup.80perc.bam_Will_Synd_cov.tsv	R4	300	1.373	0.837
TGEZ06_P8903_1007_S7_L007_seqprep.canFam3.fa.srt.rmdup.80perc.bam_Will_Synd_cov.tsv	R5	230	1.3	0.687
THRZ02_TelHreiz_P9230_1001_S59_L008_seqprep.canFam3.fa.srt.rmdup.80perc.bam_Will_Synd_cov.tsv	R1	80	0.412	0.412
THRZ02_TelHreiz_P9230_1001_S59_L008_seqprep.canFam3.fa.srt.rmdup.80perc.bam_Will_Synd_cov.tsv	R2	205	0.39	0.39
THRZ02_TelHreiz_P9230_1001_S59_L008_seqprep.canFam3.fa.srt.rmdup.80perc.bam_Will_Synd_cov.tsv	R3	245	0.298	0.298
THRZ02_TelHreiz_P9230_1001_S59_L008_seqprep.canFam3.fa.srt.rmdup.80perc.bam_Will_Synd_cov.tsv	R4	300	0.403	0.403
THRZ02_TelHreiz_P9230_1001_S59_L008_seqprep.canFam3.fa.srt.rmdup.80perc.bam_Will_Synd_cov.tsv	R5	230	0.0	0.0
TU144.bam_Will_Synd_cov.tsv	R1	80	0.0	0.0
TU144.bam_Will_Synd_cov.tsv	R2	205	0.0	0.0
TU144.bam_Will_Synd_cov.tsv	R3	245	0.0	0.0
TU144.bam_Will_Synd_cov.tsv	R4	300	0.12	0.12
TU144.bam_Will_Synd_cov.tsv	R5	230	0.039	0.039
TU148.bam_Will_Synd_cov.tsv	R1	80	0.625	0.625
TU148.bam_Will_Synd_cov.tsv	R2	205	0.0	0.0
TU148.bam_Will_Synd_cov.tsv	R3	245	0.0	0.0
TU148.bam_Will_Synd_cov.tsv	R4	300	0.06	0.06
TU148.bam_Will_Synd_cov.tsv	R5	230	0.0	0.0
TU839.bam_Will_Synd_cov.tsv	R1	80	0.512	0.425
TU839.bam_Will_Synd_cov.tsv	R2	205	0.19	0.19
TU839.bam_Will_Synd_cov.tsv	R3	245	0.335	0.31
TU839.bam_Will_Synd_cov.tsv	R4	300	0.163	0.163
TU839.bam_Will_Synd_cov.tsv	R5	230	0.265	0.265
TU840.bam_Will_Synd_cov.tsv	R1	80	0.0	0.0
TU840.bam_Will_Synd_cov.tsv	R2	205	1.263	0.776
TU840.bam_Will_Synd_cov.tsv	R3	245	0.922	0.588
TU840.bam_Will_Synd_cov.tsv	R4	300	1.137	0.623
TU840.bam_Will_Synd_cov.tsv	R5	230	0.639	0.509
Tumat.CanFam31.realigned_reordered.bam_Will_Synd_cov.tsv	R1	80	4.325	0.975
Tumat.CanFam31.realigned_reordered.bam_Will_Synd_cov.tsv	R2	205	4.976	1.0
Tumat.CanFam31.realigned_reordered.bam_Will_Synd_cov.tsv	R3	245	5.527	1.0
Tumat.CanFam31.realigned_reordered.bam_Will_Synd_cov.tsv	R4	300	2.007	0.707
Tumat.CanFam31.realigned_reordered.bam_Will_Synd_cov.tsv	R5	230	4.2	0.683
UZAA01_P8903_1008_S8_L008_seqprep.canFam3.fa.srt.rmdup.80perc.bam_Will_Synd_cov.tsv	R1	80	4.1	1.0
UZAA01_P8903_1008_S8_L008_seqprep.canFam3.fa.srt.rmdup.80perc.bam_Will_Synd_cov.tsv	R2	205	4.439	1.0
UZAA01_P8903_1008_S8_L008_seqprep.canFam3.fa.srt.rmdup.80perc.bam_Will_Synd_cov.tsv	R3	245	6.559	1.0
UZAA01_P8903_1008_S8_L008_seqprep.canFam3.fa.srt.rmdup.80perc.bam_Will_Synd_cov.tsv	R4	300	3.773	0.87
UZAA01_P8903_1008_S8_L008_seqprep.canFam3.fa.srt.rmdup.80perc.bam_Will_Synd_cov.tsv	R5	230	3.8	0.765
UZAA02_Israel_Byzantine.P8903_1009_S26_L006_seqprep.canFam3.fa.srt.rmdup.80perc.bam_Will_Synd_cov.tsv	R1	80	2.825	0.575
UZAA02_Israel_Byzantine.P8903_1009_S26_L006_seqprep.canFam3.fa.srt.rmdup.80perc.bam_Will_Synd_cov.tsv	R2	205	5.005	1.0
UZAA02_Israel_Byzantine.P8903_1009_S26_L006_seqprep.canFam3.fa.srt.rmdup.80perc.bam_Will_Synd_cov.tsv	R3	245	5.139	0.91
UZAA02_Israel_Byzantine.P8903_1009_S26_L006_seqprep.canFam3.fa.srt.rmdup.80perc.bam_Will_Synd_cov.tsv	R4	300	4.28	0.99
UZAA02_Israel_Byzantine.P8903_1009_S26_L006_seqprep.canFam3.fa.srt.rmdup.80perc.bam_Will_Synd_cov.tsv	R5	230	2.704	0.991
VAL_005.bam_Will_Synd_cov.tsv	R1	80	0.613	0.512
VAL_005.bam_Will_Synd_cov.tsv	R2	205	1.439	0.702
VAL_005.bam_Will_Synd_cov.tsv	R3	245	1.698	0.392
VAL_005.bam_Will_Synd_cov.tsv	R4	300	0.443	0.347
VAL_005.bam_Will_Synd_cov.tsv	R5	230	0.935	0.535
VAL_008.bam_Will_Synd_cov.tsv	R1	80	1.613	0.55
VAL_008.bam_Will_Synd_cov.tsv	R2	205	1.668	0.941
VAL_008.bam_Will_Synd_cov.tsv	R3	245	1.502	0.914
VAL_008.bam_Will_Synd_cov.tsv	R4	300	1.89	0.927
VAL_008.bam_Will_Synd_cov.tsv	R5	230	0.961	0.583
VAL_011.bam_Will_Synd_cov.tsv	R1	80	1.325	0.7
VAL_011.bam_Will_Synd_cov.tsv	R2	205	4.805	0.966
VAL_011.bam_Will_Synd_cov.tsv	R3	245	2.147	0.906
VAL_011.bam_Will_Synd_cov.tsv	R4	300	0.853	0.527
VAL_011.bam_Will_Synd_cov.tsv	R5	230	2.726	0.783
VAL_012.bam_Will_Synd_cov.tsv	R1	80	0.0	0.0
VAL_012.bam_Will_Synd_cov.tsv	R2	205	1.527	0.717
VAL_012.bam_Will_Synd_cov.tsv	R3	245	0.592	0.551
VAL_012.bam_Will_Synd_cov.tsv	R4	300	0.73	0.503
VAL_012.bam_Will_Synd_cov.tsv	R5	230	0.996	0.565
VAL_033.bam_Will_Synd_cov.tsv	R1	80	1.175	0.588
VAL_033.bam_Will_Synd_cov.tsv	R2	205	3.098	0.932
VAL_033.bam_Will_Synd_cov.tsv	R3	245	2.563	0.878
VAL_033.bam_Will_Synd_cov.tsv	R4	300	1.24	0.65
VAL_033.bam_Will_Synd_cov.tsv	R5	230	2.022	0.804
VAL_035.bam_Will_Synd_cov.tsv	R1	80	0.0	0.0
VAL_035.bam_Will_Synd_cov.tsv	R2	205	2.054	0.937
VAL_035.bam_Will_Synd_cov.tsv	R3	245	3.143	0.878
VAL_035.bam_Will_Synd_cov.tsv	R4	300	0.637	0.503
VAL_035.bam_Will_Synd_cov.tsv	R5	230	2.778	0.722
VAL_037.bam_Will_Synd_cov.tsv	R1	80	0.725	0.725
VAL_037.bam_Will_Synd_cov.tsv	R2	205	1.141	0.698
VAL_037.bam_Will_Synd_cov.tsv	R3	245	0.976	0.788
VAL_037.bam_Will_Synd_cov.tsv	R4	300	1.19	0.58
VAL_037.bam_Will_Synd_cov.tsv	R5	230	0.304	0.261
VAL_050.bam_Will_Synd_cov.tsv	R1	80	2.163	0.688
VAL_050.bam_Will_Synd_cov.tsv	R2	205	5.132	1.0
VAL_050.bam_Will_Synd_cov.tsv	R3	245	5.273	0.955
VAL_050.bam_Will_Synd_cov.tsv	R4	300	3.51	0.873
VAL_050.bam_Will_Synd_cov.tsv	R5	230	4.613	0.9
VAL_18A.bam_Will_Synd_cov.tsv	R1	80	1.263	0.65
VAL_18A.bam_Will_Synd_cov.tsv	R2	205	1.039	0.459
VAL_18A.bam_Will_Synd_cov.tsv	R3	245	1.016	0.739
VAL_18A.bam_Will_Synd_cov.tsv	R4	300	0.22	0.22
VAL_18A.bam_Will_Synd_cov.tsv	R5	230	0.839	0.509
Yana-1.bam_Will_Synd_cov.tsv	R1	80	0.488	0.438
Yana-1.bam_Will_Synd_cov.tsv	R2	205	0.293	0.249
Yana-1.bam_Will_Synd_cov.tsv	R3	245	0.045	0.045
Yana-1.bam_Will_Synd_cov.tsv	R4	300	0.143	0.11
Yana-1.bam_Will_Synd_cov.tsv	R5	230	0.0	0.0
YPM_9664_A.final.bam_Will_Synd_cov.tsv	R1	80	1.862	0.838
YPM_9664_A.final.bam_Will_Synd_cov.tsv	R2	205	7.951	1.0
YPM_9664_A.final.bam_Will_Synd_cov.tsv	R3	245	11.784	1.0
YPM_9664_A.final.bam_Will_Synd_cov.tsv	R4	300	4.797	0.82
YPM_9664_A.final.bam_Will_Synd_cov.tsv	R5	230	5.957	0.939
