MixedBreed07	60	0	2	0	0	-196	0.0	-392	D
CairnTerrier11	36	3	3	1.67	0.58	-73.33	123.55	-215	D
ChowChow07_30210	44	5	4	3.2	2.05	-50.75	96.84	-187	D
Dingo07_35298	26	4	9	4	4.0	-14.56	21.66	-115	D
VillDog_China24	32	1	7	5	0	-15.29	24.28	-102	D
Dingo03_35294	26	4	7	2	0.0	-15.29	24.28	-99	D
Lowchen01	26	4	5	3.5	1.73	-21	27.23	-91	D
WestHighlandWhiteTerr11	10	2	9	2	0.0	-6	13.13	-50	D
Wolf33	78	1	4	1	0	-7	10.03	-27	W
AmericanHairlessTerrier01_Reseq_1121	30	1	2	2	0	-12	14.14	-22	D
RedWolf06	70	1	4	4	0	-6.5	10.34	-22	W
Wolf66	60	2	2	1	0.0	-12	14.14	-22	W
XiasiDog01	48	1	1	2	0	-22	0	-20	D
ChineseIndigenousDog05	52	1	2	5	0	-12	14.14	-19	D
AfricanGoldenWolf01	78	3	5	4	1.73	-6	8.94	-18	W
GoldenJackal01	78	4	6	1	0.0	-3.33	1.37	-16	W
VillDog_China07	58	2	2	14.5	13.44	-22	0.0	-15	D
GoldenJackal03	96	2	4	1	0.0	-3.5	1.73	-12	W
AfricanGoldenWolf02	92	1	4	1	0	-2.75	1.5	-10	W
Dalmatian04_13301	56	2	6	1	0.0	-2	0.89	-10	D
UnknownBreed19	52	0	2	0	0	-5	0.0	-10	D
Wolf06	72	0	2	0	0	-4.5	0.71	-9	W
BerneseMountainDog03_941	38	1	2	2	0	-5	0.0	-8	D
GoldenJackal02	86	1	3	1	0	-3	1.73	-8	W
LabradorRetriever24	32	1	4	2	0	-2.5	1.73	-8	D
VillDog_China51	36	1	2	2	0	-5	0.0	-8	D
Wolf04	36	0	3	0	0	-2.67	1.53	-8	W
AfricanWildDog01	92	7	6	1.71	1.89	-3	1.55	-6	W
GlenofImaalTerrier04_4266	14	2	6	2	0.0	-1.67	0.52	-6	D
WestHighlandWhiteTerr05	8	0	4	0	0	-1.5	0.58	-6	D
YorkshireTerrier57	22	0	5	0	0	-1.2	0.45	-6	D
AfricanGoldenWolf04	92	2	5	4	2.83	-2.6	1.34	-5	W
Dingo01	66	0	1	0	0	-5	0	-5	D
Dingo26	68	0	1	0	0	-5	0	-5	D
Maltese08	78	0	1	0	0	-5	0	-5	D
Wolf80	38	1	4	1	0	-1.5	0.58	-5	W
BrittanySpaniel01	50	0	2	0	0	-2	0.0	-4	D
CeskyTerrier04_31121	30	0	3	0	0	-1.33	0.58	-4	D
DandieDinmontTerrier01_7731	36	1	3	1	0	-1.67	0.58	-4	D
FlatCoatedRetriever11_30651	60	0	3	0	0	-1.33	0.58	-4	D
GL01.17	40	0	4	0	0	-1	0.0	-4	D
GreenlandDog01	46	1	2	2	0	-3	2.83	-4	D
PortuguesePodengoPequeno01_33229	38	1	3	2	0	-2	1.73	-4	D
TibetanMastiff04	60	0	2	0	0	-2	0.0	-4	D
TibetanMastiff11	58	0	2	0	0	-2	0.0	-4	D
VillDog_India01	36	0	2	0	0	-2	0.0	-4	D
Wolf31	80	0	1	0	0	-4	0	-4	W
Wolf87	56	2	4	1	0.0	-1.5	0.58	-4	W
YorkshireTerrier01	44	0	3	0	0	-1.33	0.58	-4	D
BedlingtonTerrier02_33486	40	2	3	1.5	0.71	-2	0.0	-3	D
Greyhound06	46	1	1	2	0	-5	0	-3	D
Jindo01	26	1	1	2	0	-5	0	-3	D
MIX_AmericanCocker_Beagle03	56	1	3	1	0	-1.33	0.58	-3	D
PortugueseWaterDog04_29986	54	1	1	2	0	-5	0	-3	D
VillDog_China32	20	1	1	2	0	-5	0	-3	D
Wolf53	42	4	5	2	1.41	-2.2	1.64	-3	W
AfricanGoldenWolf05	94	3	2	1	0.0	-2.5	2.12	-2	W
BeardedCollie03	80	2	2	1	0.0	-2	0.0	-2	D
BeardedCollie05	76	2	2	1	0.0	-2	0.0	-2	D
BeardedCollie06	80	2	2	1	0.0	-2	0.0	-2	D
CaneCorso02_27352	60	0	1	0	0	-2	0	-2	D
CeskyTerrier03_33463	38	2	5	2	0.0	-1.2	0.45	-2	D
ChineseSharpei02	46	0	2	0	0	-1	0.0	-2	D
EnglishPointer01	58	0	2	0	0	-1	0.0	-2	D
EntlebucherSennenhund05	50	0	2	0	0	-1	0.0	-2	D
FieldSpaniel03_28377	62	0	2	0	0	-1	0.0	-2	D
FlatCoatedRetriever04_9023	56	0	2	0	0	-1	0.0	-2	D
FonniDog01_29859	34	2	2	2	0.0	-3	2.83	-2	D
GermanShepherd01	64	0	2	0	0	-1	0.0	-2	D
GermanWirehairedPointer01	60	0	2	0	0	-1	0.0	-2	D
GL01.05	98	0	2	0	0	-1	0.0	-2	D
GL07.26	76	2	2	1	0.0	-2	0.0	-2	D
GL08.03	80	0	1	0	0	-2	0	-2	D
GL11.17	100	0	2	0	0	-1	0.0	-2	D
GL14.08	54	0	2	0	0	-1	0.0	-2	D
GL15.04	34	3	3	1	0.0	-1.67	0.58	-2	D
GoldenRetriever16	50	0	1	0	0	-2	0	-2	D
GreatDane03	56	0	2	0	0	-1	0.0	-2	D
GreatDane05	34	1	4	2	0	-1	0.0	-2	D
GreekTracer01	46	1	3	2	0	-1.33	0.58	-2	D
IrishTerrier02	18	2	4	2	0.0	-1.5	0.58	-2	D
IrishWaterSpaniel07	58	0	2	0	0	-1	0.0	-2	D
Leonberger12	28	0	2	0	0	-1	0.0	-2	D
RhodesianRidgeback06_21531	80	0	1	0	0	-2	0	-2	D
ShetlandSheepdog15_30371	82	2	2	1	0.0	-2	0.0	-2	D
StdManchesterTerrier02_33490	80	0	1	0	0	-2	0	-2	D
TibetanSpaniel03	74	0	1	0	0	-2	0	-2	D
VillDog_China04	26	2	2	2	0.0	-3	2.83	-2	D
VillDog_China26	12	0	2	0	0	-1	0.0	-2	D
VillDog_China47	46	0	1	0	0	-2	0	-2	D
VillDog_PapuaNG01	46	0	2	0	0	-1	0.0	-2	D
Wolf32	44	2	2	1	0.0	-2	0.0	-2	W
Wolf40	80	0	1	0	0	-2	0	-2	W
YorkshireTerrier05	24	1	4	2	0	-1	0.0	-2	D
YorkshireTerrier13	40	0	2	0	0	-1	0.0	-2	D
YorkshireTerrier45	28	1	4	2	0	-1	0.0	-2	D
YorkshireTerrier48	60	0	2	0	0	-1	0.0	-2	D
YorkshireTerrier68	56	0	2	0	0	-1	0.0	-2	D
CairnTerrier05	40	0	1	0	0	-1	0	-1	D
FlatCoatedRetriever06_25517	56	0	1	0	0	-1	0	-1	D
FlatCoatedRetriever12_31166	56	0	1	0	0	-1	0	-1	D
FrenchBulldog01	18	3	4	1.67	0.58	-1.5	0.58	-1	D
GermanShepherd09	26	1	4	3	0	-1	0.0	-1	D
GoldenRetriever27	76	1	1	1	0	-2	0	-1	D
ItalianGreyhound02	54	1	2	2	0	-1.5	0.71	-1	D
LagottoRomagnolo03	34	2	1	2	0.0	-5	0	-1	D
MountainCur03_33173	26	4	3	1.5	0.58	-2.33	2.31	-1	D
OldEnglishSheepdog02_6003	76	1	1	1	0	-2	0	-1	D
PortugueseWaterDog03_30003	50	2	1	2	0.0	-5	0	-1	D
Puli01_27429	52	2	3	1.5	0.71	-1.33	0.58	-1	D
ShetlandSheepdog03	66	1	1	1	0	-2	0	-1	D
UnknownBreed24	32	0	1	0	0	-1	0	-1	D
VillDog_Namibia01	52	1	1	1	0	-2	0	-1	D
Wolf08	60	3	2	1	0.0	-2	0.0	-1	W
Wolf68	62	0	1	0	0	-1	0	-1	W
Wolf74	60	4	3	1	0.0	-1.67	0.58	-1	W
WolfTibetan07	72	1	1	1	0	-2	0	-1	D
Xoloitzcuintli01	28	0	1	0	0	-1	0	-1	D
YorkshireTerrier44	28	1	3	2	0	-1	0.0	-1	D
511	198	0	0	0	0	0	0	0	D
AfghanHound03	60	0	0	0	0	0	0	0	D
AfricanWildDog03	198	0	0	0	0	0	0	0	W
AlaskanMalamute04	198	0	0	0	0	0	0	0	D
AlgonquinWolf13467	94	2	2	1	0.0	-1	0.0	0	W
AmericanEskimoDog01_10800	54	1	2	2	0	-1	0.0	0	D
AmericanEskimoDog05_10805	58	1	2	2	0	-1	0.0	0	D
AmericanStaffordshireTerrier04	14	3	4	2	0.0	-1.5	0.58	0	D
AmericanWaterSpaniel01_987	78	0	0	0	0	0	0	0	D
AustralianShepherd06	198	0	0	0	0	0	0	0	D
Basenji01	44	2	2	2	0.0	-2	0.0	0	D
BedlingtonTerrier04_28914	34	3	2	1.33	0.58	-2	0.0	0	D
BelgianTervuren08_28302	62	0	0	0	0	0	0	0	D
BelgianTervuren16_BT1300	54	2	2	2	0.0	-2	0.0	0	D
BergerBlancSuisse01	30	2	4	2	0.0	-1	0.0	0	D
Bern_AlpineDachsbracke	34	1	2	2	0	-1	0.0	0	D
BerneseMountainDog10_4687	60	0	0	0	0	0	0	0	D
BerneseMountainDog19_11957	56	0	0	0	0	0	0	0	D
BerneseMountainDog22_26577	56	0	0	0	0	0	0	0	D
BichonFrise01	86	0	0	0	0	0	0	0	D
BiewerTerrier07_34303	34	1	2	2	0	-1	0.0	0	D
BlackRussianTerrier01	56	1	2	2	0	-1	0.0	0	D
BorderCollie09	76	0	0	0	0	0	0	0	D
BorderTerrier04	70	0	0	0	0	0	0	0	D
BullTerrier01	6	2	2	2	0.0	-2	0.0	0	D
CairnTerrier03	28	1	1	2	0	-2	0	0	D
CairnTerrier06	46	1	2	2	0	-1	0.0	0	D
CairnTerrier09	52	1	2	2	0	-1	0.0	0	D
CairnTerrier13	50	1	2	2	0	-1	0.0	0	D
CarolinaDog03_31703	54	1	2	2	0	-1	0.0	0	D
ChineseIndigenousDog02	28	1	2	2	0	-1	0.0	0	D
ChineseIndigenousDog14	70	0	0	0	0	0	0	0	D
Collie02_28861	52	1	2	2	0	-1	0.0	0	D
Coyote02	88	0	0	0	0	0	0	0	W
Coyote07	92	2	1	1	0.0	-2	0	0	W
Dachshund05	62	0	0	0	0	0	0	0	D
Doberman03	36	3	1	1.67	0.58	-5	0	0	D
DutchShepherd01	198	0	0	0	0	0	0	0	D
EastSiberianLaika01	64	1	2	2	0	-1	0.0	0	D
EnglishBulldog01	198	0	0	0	0	0	0	0	D
EnglishSetter01	64	0	0	0	0	0	0	0	D
EntlebucherSennenhund02	56	1	2	2	0	-1	0.0	0	D
FrenchBulldog03_14473	16	3	4	2	0.0	-1.5	0.58	0	D
GermanShepherd06	46	1	1	1	0	-1	0	0	D
GermanShepherd07	54	1	2	2	0	-1	0.0	0	D
GL03.09	66	0	0	0	0	0	0	0	D
GL07.05	94	0	0	0	0	0	0	0	D
GL11.06	190	0	0	0	0	0	0	0	D
GL11.13	84	0	0	0	0	0	0	0	D
GL12.05	82	0	0	0	0	0	0	0	D
GL12.13	60	0	0	0	0	0	0	0	D
GL13.09	48	1	2	2	0	-1	0.0	0	D
GL14.07	80	2	2	1	0.0	-1	0.0	0	D
GL15.12	80	0	0	0	0	0	0	0	D
GL15.26	96	0	0	0	0	0	0	0	D
GL15.49	146	0	0	0	0	0	0	0	D
GL15.52	154	0	0	0	0	0	0	0	D
GL15.63	62	1	2	2	0	-1	0.0	0	D
GoldenRetriever20	60	0	0	0	0	0	0	0	D
GoldenRetriever29	78	0	0	0	0	0	0	0	D
GreatDane02	80	0	0	0	0	0	0	0	D
GreaterSwissMountainDog01_Reseq_25402	62	0	0	0	0	0	0	0	D
Greyhound08	58	1	2	2	0	-1	0.0	0	D
Greyhound10	198	0	0	0	0	0	0	0	D
IcelandicSheepdog02_30709	56	1	2	2	0	-1	0.0	0	D
ItalianGreyhound01	52	1	2	2	0	-1	0.0	0	D
LagottoRomagnolo06	198	0	0	0	0	0	0	0	D
Leonberger05	80	0	0	0	0	0	0	0	D
Leonberger09	78	0	0	0	0	0	0	0	D
Leonberger13	198	0	0	0	0	0	0	0	D
Leonberger14	190	0	0	0	0	0	0	0	D
Leonberger16	198	0	0	0	0	0	0	0	D
Maltese10	70	0	0	0	0	0	0	0	D
MauritianDog01	198	0	0	0	0	0	0	0	D
MiniatureSchnauzer01	50	2	2	1	0.0	-1	0.0	0	D
MiniatureSchnauzer11	176	0	0	0	0	0	0	0	D
MiniatureSchnauzer17	198	0	0	0	0	0	0	0	D
MIX_GoldenRetriever01	58	0	0	0	0	0	0	0	D
NewGuineaSingingDog04	44	1	2	4	0	-2	0.0	0	D
PeruvianVillageDog02	80	0	0	0	0	0	0	0	D
PitBullTerrier04	80	0	0	0	0	0	0	0	D
Pug01	96	0	0	0	0	0	0	0	D
Pug02	84	0	0	0	0	0	0	0	D
Pug03	40	0	0	0	0	0	0	0	D
Pug04	90	0	0	0	0	0	0	0	D
QuebecWolf	100	0	0	0	0	0	0	0	W
RedWolf03	94	0	0	0	0	0	0	0	W
Rottweiler02	58	0	0	0	0	0	0	0	D
Rottweiler10	76	0	0	0	0	0	0	0	D
ShihTzu01	80	0	0	0	0	0	0	0	D
SoftCoatedWheatenTerrier05_13025	76	0	0	0	0	0	0	0	D
StaffordshireBullTerrier01_27211	70	0	0	0	0	0	0	0	D
StandardSchnauzer01	82	0	0	0	0	0	0	0	D
StandardSchnauzer06	80	0	0	0	0	0	0	0	D
StandardSchnauzer07	80	0	0	0	0	0	0	0	D
TibetanMastiff07	66	0	0	0	0	0	0	0	D
TibetanMastiff10	30	3	4	2	1.73	-1.5	0.58	0	D
TibetanSpaniel06	86	0	0	0	0	0	0	0	D
TibetanTerrier05	58	0	0	0	0	0	0	0	D
Tornjak01	72	0	0	0	0	0	0	0	D
UnknownBreed07	82	0	0	0	0	0	0	0	D
UnknownBreed09	82	0	0	0	0	0	0	0	D
UnknownBreed28	20	0	0	0	0	0	0	0	D
VillDog_China05	34	0	0	0	0	0	0	0	D
VillDog_China34	198	0	0	0	0	0	0	0	D
VillDog_China35	198	0	0	0	0	0	0	0	D
VillDog_Egypt02	60	0	0	0	0	0	0	0	D
VillDog_India04	78	0	0	0	0	0	0	0	D
VillDog_Lebanon02	34	2	2	1	0.0	-1	0.0	0	D
VillDog_Lebanon03	50	0	0	0	0	0	0	0	D
VillDog_Qatar02	92	0	0	0	0	0	0	0	D
VillDog_Vietnam02	58	0	0	0	0	0	0	0	D
VillDog_Vietnam05	50	0	0	0	0	0	0	0	D
WestHighlandWhiteTerr08	50	0	0	0	0	0	0	0	D
WestHighlandWhiteTerr19	198	0	0	0	0	0	0	0	D
WestHighlandWhiteTerr20	198	0	0	0	0	0	0	0	D
WestHighlandWhiteTerr21	198	0	0	0	0	0	0	0	D
WestHighlandWhiteTerr22	198	0	0	0	0	0	0	0	D
WestHighlandWhiteTerr23	198	0	0	0	0	0	0	0	D
WestHighlandWhiteTerr24	198	0	0	0	0	0	0	0	D
WestHighlandWhiteTerr25	198	0	0	0	0	0	0	0	D
WestHighlandWhiteTerr26	198	0	0	0	0	0	0	0	D
WestHighlandWhiteTerr27	198	0	0	0	0	0	0	0	D
WestHighlandWhiteTerr28	198	0	0	0	0	0	0	0	D
WestHighlandWhiteTerr29	198	0	0	0	0	0	0	0	D
Wolf22	80	2	1	1	0.0	-2	0	0	W
Wolf43	198	0	0	0	0	0	0	0	W
Wolf44	198	0	0	0	0	0	0	0	W
Wolf45	198	0	0	0	0	0	0	0	W
Wolf46	198	0	0	0	0	0	0	0	W
Wolf50	198	0	0	0	0	0	0	0	W
Wolf51	198	0	0	0	0	0	0	0	W
Wolf52	198	0	0	0	0	0	0	0	W
Wolf54	198	0	0	0	0	0	0	0	W
Wolf57	68	0	0	0	0	0	0	0	W
YorkshireTerrier11	62	1	2	2	0	-1	0.0	0	D
YorkshireTerrier17	46	1	2	2	0	-1	0.0	0	D
YorkshireTerrier31	42	1	2	2	0	-1	0.0	0	D
YorkshireTerrier36	38	2	3	3	1.41	-2	1.73	0	D
YorkshireTerrier58	22	1	2	4	0	-2	0.0	0	D
YorkshireTerrier62	38	1	2	2	0	-1	0.0	0	D
YorkshireTerrier70	168	0	0	0	0	0	0	0	D
YorkshireTerrier71	58	1	2	2	0	-1	0.0	0	D
AiredaleTerrier02	48	1	1	2	0	-1	0	1	D
AmericanEskimoDog07_15300	58	1	1	2	0	-1	0	1	D
AustralianCattleDog06	58	2	1	1.5	0.71	-2	0	1	D
BelgianMalinois07_25490	50	1	1	2	0	-1	0	1	D
BerneseMountainDog13_7507	66	3	1	1	0.0	-2	0	1	D
CairnTerrier08	28	1	1	2	0	-1	0	1	D
CairnTerrier14	36	1	1	2	0	-1	0	1	D
ChesapeakeBayRetriever03_12347	34	1	1	2	0	-1	0	1	D
ChineseIndigenousDog09	28	1	1	2	0	-1	0	1	D
EnglishPointer02	56	2	1	1.5	0.71	-2	0	1	D
FinnishLapphund01	56	1	1	3	0	-2	0	1	D
GL12.08	46	1	1	2	0	-1	0	1	D
GL12.12	48	3	3	2	0.0	-1.67	0.58	1	D
GreatPlainsWolf01	84	1	0	1	0	0	0	1	W
LabradorRetriever08	50	1	1	2	0	-1	0	1	D
MiniatureSchnauzer03	28	1	1	2	0	-1	0	1	D
NorwegianElkhound01	52	1	1	2	0	-1	0	1	D
Pomeranian01	26	1	1	2	0	-1	0	1	D
SpinoneItaliano06_31641	56	1	1	2	0	-1	0	1	D
TibetanSpaniel14_5381	48	1	0	1	0	0	0	1	D
VillDog_China15	44	1	1	2	0	-1	0	1	D
VillDog_China16	48	2	2	2	1.41	-1.5	0.71	1	D
VillDog_China27	24	1	1	2	0	-1	0	1	D
VillDog_China52	66	1	2	5	0	-2	0.0	1	D
VillDog_Egypt01	34	1	0	1	0	0	0	1	D
VillDog_Lebanon01	58	3	1	1	0.0	-2	0	1	D
Vizsla01	34	3	2	1.67	0.58	-2	0.0	1	D
Wolf30	82	1	0	1	0	0	0	1	W
Wolf76	60	4	2	1.25	0.5	-2	0.0	1	W
Wolf93	60	3	2	1.67	0.58	-2	0.0	1	W
YorkshireTerrier18	44	1	1	2	0	-1	0	1	D
YorkshireTerrier27	24	1	1	2	0	-1	0	1	D
YorkshireTerrier46	56	1	1	2	0	-1	0	1	D
YorkshireTerrier47	58	1	1	2	0	-1	0	1	D
YorkshireTerrier74	38	1	1	2	0	-1	0	1	D
AlaskanWolf	82	2	0	1	0.0	0	0	2	W
BelgianMalinois01	34	1	0	2	0	0	0	2	D
BelgianMalinois21	64	2	2	2	0.0	-1	0.0	2	D
BelgianSheepdog10_22740	54	2	2	2	0.0	-1	0.0	2	D
BelgianSheepdog13_35102	54	2	2	2	0.0	-1	0.0	2	D
BelgianTervuren15_BT1259	60	2	2	2	0.0	-1	0.0	2	D
BergerPicard01	26	2	4	3	1.41	-1	0.0	2	D
BiewerTerrier06_31256	22	1	0	2	0	0	0	2	D
Boerboel02_33148	60	1	0	2	0	0	0	2	D
BorderCollie08	58	1	2	4	0	-1	0.0	2	D
BorderCollie21_34026	54	1	2	4	0	-1	0.0	2	D
Chinook01	46	2	2	2	0.0	-1	0.0	2	D
Chinook09_33362	28	4	4	1.5	0.58	-1	0.0	2	D
CockerSpanielAmerican08_12452	36	1	0	2	0	0	0	2	D
CockerSpanielEnglish02	48	1	0	2	0	0	0	2	D
CockerSpanielEnglish04	48	1	0	2	0	0	0	2	D
Dingo24	26	1	2	4	0	-1	0.0	2	D
Dingo27	30	1	2	4	0	-1	0.0	2	D
EnglishSetter05_26982	76	1	0	2	0	0	0	2	D
EntlebucherSennenhund01	56	2	2	2	0.0	-1	0.0	2	D
EntlebucherSennenhund07	56	2	2	2	0.0	-1	0.0	2	D
EntlebucherSennenhund09_12841	52	2	2	2	0.0	-1	0.0	2	D
GermanHuntingTerrier01	50	1	0	2	0	0	0	2	D
GL07.04	66	3	1	1.33	0.58	-2	0	2	D
GL14.12	28	3	3	1.67	0.58	-1	0.0	2	D
GL15.27	90	4	1	1	0.0	-2	0	2	D
GL15.62	116	2	0	1	0.0	0	0	2	D
GoldenRetriever13	26	1	0	2	0	0	0	2	D
Greyhound02	54	1	0	2	0	0	0	2	D
Greyhound05	46	1	0	2	0	0	0	2	D
Greyhound07	50	1	0	2	0	0	0	2	D
IndigenousDogNigeria01	56	2	2	2	0.0	-1	0.0	2	D
IndigenousDogVietnam03	26	2	2	2	0.0	-1	0.0	2	D
IrishTerrier03_31717	22	3	3	4.33	2.08	-3.67	2.31	2	D
KunmingDog12	48	2	1	2	0.0	-2	0	2	D
Maltese05	80	1	0	2	0	0	0	2	D
Maltese12	64	1	0	2	0	0	0	2	D
MiniatureSchnauzer05	58	2	2	2	0.0	-1	0.0	2	D
PortugueseWaterDog11_30165	68	1	0	2	0	0	0	2	D
ScottishTerrier05_7790	50	2	2	2	0.0	-1	0.0	2	D
ScottishTerrier07_10701	54	2	2	2	0.0	-1	0.0	2	D
ScottishTerrier11_29815	54	2	2	2	0.0	-1	0.0	2	D
SmoothFoxTerrier05_33294	64	2	0	1	0.0	0	0	2	D
StdManchesterTerrier03_33491	76	1	0	2	0	0	0	2	D
TibetanMastiff02	26	2	1	1.5	0.71	-1	0	2	D
TibetanMastiff09	34	1	2	4	0	-1	0.0	2	D
UnknownBreed16	8	1	1	3	0	-1	0	2	D
UnknownBreed25	58	2	2	2	0.0	-1	0.0	2	D
VillDog_China02	30	2	2	2	0.0	-1	0.0	2	D
VillDog_China06	52	2	2	2	0.0	-1	0.0	2	D
VillDog_China38	44	1	2	4	0	-1	0.0	2	D
VillDog_China41	44	1	2	4	0	-1	0.0	2	D
VillDog_Namibia02	28	1	0	2	0	0	0	2	D
VillDog_PapuaNG02	40	1	0	2	0	0	0	2	D
VillDog_PapuaNG03	32	2	2	2	0.0	-1	0.0	2	D
VillDog_Taiwan01	74	1	0	2	0	0	0	2	D
WireFoxTerrier01_8391	28	1	0	2	0	0	0	2	D
Wolf23	82	2	0	1	0.0	0	0	2	W
Wolf58	62	1	0	2	0	0	0	2	W
Wolf79	36	3	2	2	1.73	-2	0.0	2	W
Wolf85	36	4	3	1.75	1.5	-1.67	0.58	2	W
Wolf86	40	3	2	2	1.73	-2	0.0	2	W
WolfTibetan05	26	4	6	3.25	2.63	-1.83	1.17	2	W
YorkshireTerrier19	60	1	0	2	0	0	0	2	D
YorkshireTerrier21	58	2	2	2	0.0	-1	0.0	2	D
YorkshireTerrier29	36	1	0	2	0	0	0	2	D
YorkshireTerrier35	56	2	2	2	0.0	-1	0.0	2	D
YorkshireTerrier38	56	2	2	2	0.0	-1	0.0	2	D
YorkshireTerrier41	48	1	0	2	0	0	0	2	D
YorkshireTerrier43	110	2	2	2	0.0	-1	0.0	2	D
YorkshireTerrier49	64	2	2	2	0.0	-1	0.0	2	D
YorkshireTerrier56	42	2	2	2	0.0	-1	0.0	2	D
AfricanGoldenWolf03	84	4	1	1.25	0.5	-2	0	3	W
AlaskanMalamute01_Reseq_30099	46	3	1	1.67	0.58	-2	0	3	D
BrusselsGriffon06_3036	4	4	3	1.5	0.58	-1	0.0	3	D
ChowChow01_15630	44	2	1	2	0.0	-1	0	3	D
Coyote01	80	3	1	1.33	0.58	-1	0	3	W
Dingo23	38	1	2	5	0	-1	0.0	3	D
EntlebucherSennenhund06	50	3	2	1.67	0.58	-1	0.0	3	D
GermanShepherd14	40	2	1	2	0.0	-1	0	3	D
GL01.23	52	2	1	2	0.0	-1	0	3	D
GL07.35	58	2	2	3	1.41	-1.5	0.71	3	D
Havanese02	48	3	1	1.33	0.58	-1	0	3	D
LagottoRomagnolo05	50	2	1	2	0.0	-1	0	3	D
MiniatureSchnauzer02	32	2	1	2	0.0	-1	0	3	D
ShetlandSheepdog01_11617	30	5	4	1.6	0.55	-1.25	0.5	3	D
SpinoneItaliano07_31645	42	2	1	2	0.0	-1	0	3	D
UnknownBreed22	44	2	1	2	0.0	-1	0	3	D
VillDog_Australia01	14	3	2	1.67	0.58	-1	0.0	3	D
VillDog_China30	36	1	2	5	0	-1	0.0	3	D
Wolf21	62	3	0	1	0.0	0	0	3	W
Wolf35	52	2	0	1.5	0.71	0	0	3	W
Wolf88	34	3	2	2	1.73	-1.5	0.71	3	W
Wolf89	34	5	3	1.8	1.3	-2	0.0	3	W
AiredaleTerrier05	28	2	0	2	0.0	0	0	4	D
BelgianMalinois05	48	1	2	6	0	-1	0.0	4	D
BelgianSheepdog03_23572	50	2	0	2	0.0	0	0	4	D
BerneseMountainDog23_26606	38	1	2	6	0	-1	0.0	4	D
BrusselsGriffon03_15571	26	5	2	1.4	0.55	-1.5	0.71	4	D
BullTerrier07	48	2	0	2	0.0	0	0	4	D
BullTerrier08	12	2	0	2	0.0	0	0	4	D
CatahoulaLeopardDog06_10791	26	2	0	2	0.0	0	0	4	D
CaucasianOvcharka01	48	2	0	2	0.0	0	0	4	D
ChineseIndigenousDog04	62	1	0	4	0	0	0	4	D
ChineseIndigenousDog11	28	2	2	4	2.83	-2	0.0	4	D
Chinook10_33386	28	4	2	2	0.0	-2	0.0	4	D
ClumberSpaniel04_33092	54	1	2	6	0	-1	0.0	4	D
CockerSpanielAmerican02	46	2	0	2	0.0	0	0	4	D
Coyote03	82	3	0	1.33	0.58	0	0	4	W
Coyote05	76	3	0	1.33	0.58	0	0	4	W
Dachshund04	36	1	2	6	0	-1	0.0	4	D
Doberman01	38	5	3	1.6	0.55	-1.33	0.58	4	D
GermanShepherd13	34	3	3	2.33	1.53	-1	0.0	4	D
GL10.19	104	2	0	2	0.0	0	0	4	D
GL14.06	46	3	1	1.67	0.58	-1	0	4	D
GreaterSwissMountainDog04	30	4	4	2.5	2.38	-1.5	0.58	4	D
Havanese03	42	2	0	2	0.0	0	0	4	D
PeruvianVillageDog04	54	2	0	2	0.0	0	0	4	D
Pumi03_29697	24	4	3	4	2.31	-4	1.73	4	D
QingchuanDog01	42	2	2	4	0.0	-2	0.0	4	D
Rottweiler11_25111	38	1	2	6	0	-1	0.0	4	D
SealyhamTerrier01_33230	48	2	0	2	0.0	0	0	4	D
ShibaInu04	38	1	0	4	0	0	0	4	D
Shikoku01_31257	46	3	2	2	0.0	-1	0.0	4	D
SussexSpaniel02_7640	46	3	1	2	1.73	-2	0	4	D
UnknownBreed05	54	2	0	2	0.0	0	0	4	D
VillDog_Borneo01	36	2	0	2	0.0	0	0	4	D
VillDog_China03	66	1	0	4	0	0	0	4	D
VillDog_India02	82	1	0	4	0	0	0	4	D
VillDog_Namibia03	26	2	0	2	0.0	0	0	4	D
Weimaraner03_13307	26	4	3	1.75	0.5	-1	0.0	4	D
Wolf03	38	2	2	4	0.0	-2	0.0	4	W
Wolf37	38	2	0	2	0.0	0	0	4	W
Wolf97	62	3	2	2.67	2.08	-2	0.0	4	W
AlgonquinWolf13470	90	2	0	2.5	2.12	0	0	5	W
CairnTerrier12	34	2	1	3	1.41	-1	0	5	D
CavalierKingCharlesSpaniel03_952	26	6	3	1.33	0.52	-1	0.0	5	D
Chinook03_33141	44	4	2	1.75	0.5	-1	0.0	5	D
Chinook05_33256	28	3	5	3.67	2.89	-1.2	0.45	5	D
Chinook07_33317	46	4	2	1.75	0.5	-1	0.0	5	D
ClumberSpaniel01	36	2	3	4	2.83	-1	0.0	5	D
Dingo30	38	1	0	5	0	0	0	5	D
Doberman02	46	4	2	3.75	2.06	-5	0.0	5	D
EnglishSpringerSpaniel01	26	4	1	1.5	0.58	-1	0	5	D
Eurasier03_22815	14	4	3	2	1.41	-1	0.0	5	D
GermanShepherd18_14567	48	3	3	4	1.73	-2.33	1.53	5	D
GL01.18	26	5	3	1.6	0.55	-1	0.0	5	D
GL07.34	46	4	2	1.75	0.5	-1	0.0	5	D
GL11.19	48	4	2	1.75	0.5	-1	0.0	5	D
KunmingDog01	52	1	0	5	0	0	0	5	D
KunmingDog17	34	2	3	4	2.83	-1	0.0	5	D
LabradorRetriever03	54	2	1	5	0.0	-5	0	5	D
MiniaturePoodle01_27535	60	3	2	3	3.46	-2	0.0	5	D
NeapolitanMastiff02_23561	34	1	1	6	0	-1	0	5	D
NorwegianBuhund01_25380	32	3	2	2.33	1.53	-1	0.0	5	D
PeruvianVillageDog08	26	4	1	1.75	1.5	-2	0	5	D
PetitBassetGriffonVendeen03_9419	38	2	3	4	2.83	-1	0.0	5	D
Pumi02_29695	54	2	1	3	1.41	-1	0	5	D
ShetlandSheepdog09_20265	26	6	3	1.5	0.55	-1.33	0.58	5	D
TibetanMastiff03	76	1	0	5	0	0	0	5	D
TibetanMastiff08	30	2	1	3	1.41	-1	0	5	D
UnknownBreed04	38	4	2	1.75	0.5	-1	0.0	5	D
Wolf83	34	2	2	4	0.0	-1.5	0.71	5	W
WolfTibetan04	28	5	2	1.8	1.3	-2	0.0	5	W
YorkshireTerrier09	40	2	1	3	1.41	-1	0	5	D
YorkshireTerrier54	46	2	1	3	1.41	-1	0	5	D
Affenpinscher01_33500	10	7	3	1.43	0.53	-1.33	0.58	6	D
BelgianMalinois27	34	2	4	5	1.41	-1	0.0	6	D
BorderCollie01	66	2	2	4	0.0	-1	0.0	6	D
BorderCollie18_33928	30	5	2	1.6	0.55	-1	0.0	6	D
BouvierDesFlandres04_28721	46	4	2	4	2.31	-5	0.0	6	D
BrusselsGriffon02_6692	26	5	2	1.6	0.55	-1	0.0	6	D
BrusselsGriffon04_21511	26	6	3	1.67	0.52	-1.33	0.58	6	D
BrusselsGriffon05_31228	46	4	1	1.75	0.5	-1	0	6	D
ChineseIndigenousDog07	28	2	2	4	2.83	-1	0.0	6	D
CirnecodellEtna02_31283	46	4	1	2	1.41	-2	0	6	D
Dachshund14	56	2	2	4	2.83	-1	0.0	6	D
Dingo25	30	2	2	4	0.0	-1	0.0	6	D
Eurasier02	26	2	0	3	1.41	0	0	6	D
GermanShepherd25_35054	52	3	1	2.33	1.53	-1	0	6	D
GermanWirehairedPointer02_2484	46	3	3	4.67	2.31	-2.67	2.08	6	D
GL07.36	48	2	3	5.5	0.71	-1.67	0.58	6	D
Havanese05	46	4	0	1.5	0.58	0	0	6	D
IrishTerrier01	38	2	2	4	2.83	-1	0.0	6	D
Komondor01_29392	48	4	2	4	2.31	-5	0.0	6	D
KunmingDog08	34	2	4	5	1.41	-1	0.0	6	D
LabradorRetriever04	32	3	1	3.67	1.53	-5	0	6	D
LagottoRomagnolo01	64	1	0	6	0	0	0	6	D
NewGuineaSingingDog03	32	2	0	3	1.41	0	0	6	D
PhuquocRidgeback01_34142	28	6	4	2	0.0	-1.5	0.58	6	D
Pug06	26	5	2	1.6	0.55	-1	0.0	6	D
RedWolf04	92	4	0	1.5	0.58	0	0	6	W
Schipperke01_33120	26	2	3	5	0.0	-1.33	0.58	6	D
StandardPoodle08	26	5	2	1.6	0.55	-1	0.0	6	D
TibetanMastiff01	32	3	0	2	0.0	0	0	6	D
TibetanSpaniel01	50	2	0	3	1.41	0	0	6	D
VillDog_China29	50	2	2	4	0.0	-1	0.0	6	D
VillDog_China46	44	3	2	2.67	1.15	-1	0.0	6	D
Wolf47	42	4	1	2	1.41	-2	0	6	W
Wolf91	68	3	2	2.67	2.08	-1	0.0	6	W
WolfTibetan02	60	6	2	1.67	1.21	-2	0.0	6	W
WolfTibetan06	60	5	2	2	1.22	-2	0.0	6	W
YorkshireTerrier28	36	2	0	3	1.41	0	0	6	D
Affenpinscher02_34310	22	5	1	1.6	0.55	-1	0	7	D
BoykinSpaniel05_10012	6	3	4	4	1.73	-1.25	0.5	7	D
CeskyTerrier02_Reseq_33431	26	5	2	1.8	0.45	-1	0.0	7	D
ChesapeakeBayRetriever02_7292	46	3	2	4.67	2.31	-3.5	2.12	7	D
ChineseIndigenousDog13	46	2	2	4.5	0.71	-1	0.0	7	D
ChineseSharpei03_11443	46	3	1	2.67	1.15	-1	0	7	D
ChowChow05_29846	26	4	2	2.25	1.26	-1	0.0	7	D
GermanShorthairedPointer02_30645	6	4	4	3.5	1.0	-1.75	0.5	7	D
GL14.17	32	5	2	1.8	0.45	-1	0.0	7	D
Keeshond02_34863	26	4	1	2	1.41	-1	0	7	D
LagottoRomagnolo08_31603	48	2	1	4	2.83	-1	0	7	D
PetitBassetGriffonVendeen05_11478	42	2	1	4	2.83	-1	0	7	D
RedWolf05	90	4	1	2	1.41	-1	0	7	W
ScottishDeerhound01	26	3	2	3.33	1.15	-1.5	0.71	7	D
SpanishWaterDog01	34	3	0	2.33	1.53	0	0	7	D
SussexSpaniel05_5896	46	3	0	2.33	1.53	0	0	7	D
SussexSpaniel06_5905	44	3	0	2.33	1.53	0	0	7	D
VillDog_China44	44	4	2	2.25	1.26	-1	0.0	7	D
VillDog_China45	24	3	1	2.67	1.15	-1	0	7	D
Whippet01	56	5	1	1.6	0.55	-1	0	7	D
Wolf38	38	2	1	6	0.0	-5	0	7	W
Wolf_WO002_732	82	2	0	3.5	2.12	0	0	7	W
Affenpinscher03_34314	26	6	2	1.67	0.52	-1	0.0	8	D
BelgianMalinois15	34	2	4	6	0.0	-1	0.0	8	D
BullTerrier02	4	3	2	4	1.73	-2	0.0	8	D
Chihuahua01_13131	46	4	0	2	1.41	0	0	8	D
Dingo04_35295	26	6	3	2	1.1	-1.33	0.58	8	D
Doberman06	24	6	2	1.67	0.52	-1	0.0	8	D
Doberman08	26	6	2	1.67	0.52	-1	0.0	8	D
GermanShepherd21_30925	26	4	2	2.5	1.73	-1	0.0	8	D
GL01.03	112	2	0	4	0.0	0	0	8	D
GoldenRetriever18	40	4	2	3.75	2.63	-3.5	2.12	8	D
KunmingDog06	56	2	2	5	1.41	-1	0.0	8	D
LabradorRetriever02	26	4	4	4	1.41	-2	2.0	8	D
LagottoRomagnolo04	6	3	2	4	1.73	-2	0.0	8	D
Leonberger06	52	2	0	4	0.0	0	0	8	D
Leonberger23_20044	26	3	4	4.67	2.31	-1.5	0.58	8	D
Maltese01_27447	46	4	0	2	1.41	0	0	8	D
NewGuineaSingingDog11_35131	30	4	2	2.5	1.73	-1	0.0	8	D
NewGuineaSingingDog15_35133	26	4	2	3	1.15	-2	0.0	8	D
PhuquocRidgeback02_34878	20	4	2	2.5	1.0	-1	0.0	8	D
ScottishTerrier06_8403	46	8	2	1.25	0.46	-1	0.0	8	D
ShetlandSheepdog07_16128	26	6	2	1.67	0.52	-1	0.0	8	D
SilkyTerrier03_13190	20	3	4	4.67	2.31	-1.5	0.58	8	D
VillDog_Borneo02	44	2	0	4	0.0	0	0	8	D
VillDog_China10	38	2	4	6	0.0	-1	0.0	8	D
VillDog_China17	40	3	2	4	1.73	-2	0.0	8	D
VillDog_Vietnam01	74	2	0	4	0.0	0	0	8	D
VillDog_Vietnam03	26	3	2	3.33	1.15	-1	0.0	8	D
WestHighlandWhiteTerr01	10	3	4	4.67	2.31	-1.5	0.58	8	D
YorkshireTerrier66	28	3	2	3.33	1.15	-1	0.0	8	D
AustralianCattleDog07_9994	20	4	2	2.75	2.22	-1	0.0	9	D
ChineseIndigenousDog12	26	4	2	2.75	1.5	-1	0.0	9	D
ChineseIndigenousDog15	26	3	1	3.33	1.15	-1	0	9	D
ChineseSharpei04_11447	24	3	3	4	2.0	-1	0.0	9	D
ClumberSpaniel02_27422	28	4	2	2.75	2.22	-1	0.0	9	D
CotonDeTulear02	54	3	1	4.67	2.31	-5	0	9	D
Coyote04	80	4	1	2.5	2.38	-1	0	9	W
GermanShepherd02	46	2	1	5	0.0	-1	0	9	D
GermanShepherd10	48	3	0	3	1.73	0	0	9	D
GL05.05	72	5	1	2	0.0	-1	0	9	D
GoldenRetriever25	26	3	1	4.67	2.31	-5	0	9	D
IndigenousDogVietnam01	28	3	2	3.67	1.53	-1	0.0	9	D
JackRussellTerrier02	24	3	3	4	1.73	-1	0.0	9	D
PatagonianOvejeroDog04_34830	26	5	3	3.6	2.19	-3	1.73	9	D
StandardPoodle04	26	4	3	4	2.31	-2.33	2.31	9	D
VillDog_India03	46	2	0	4.5	0.71	0	0	9	D
WelshSpringerSpaniel02_30504	42	3	2	4	1.73	-1.5	0.71	9	D
Wolf55	46	4	1	2.5	1.73	-1	0	9	W
AfghanHound01	26	3	2	5.33	2.89	-3	2.83	10	D
AlpineDachsbrake02	46	4	2	3	1.15	-1	0.0	10	D
AustralianShepherd07_29479	52	4	1	2.75	1.5	-1	0	10	D
BorderCollie27_BC_31618	46	3	2	4.33	2.08	-1.5	0.71	10	D
Boxer02_21522	26	5	1	2.2	1.64	-1	0	10	D
Boxer03_27749	12	3	0	3.33	2.08	0	0	10	D
CavalierKingCharlesSpaniel02	46	6	0	1.67	0.52	0	0	10	D
Chinook06_33257	30	5	3	3	1.73	-1.67	0.58	10	D
Dachshund13	46	4	2	4	2.31	-3	2.83	10	D
EnglishSpringerSpaniel08	44	4	0	2.5	1.73	0	0	10	D
EntlebucherSennenhund11_12859	54	2	2	6	0.0	-1	0.0	10	D
GermanShepherd15	46	4	0	2.5	1.73	0	0	10	D
GL05.06	52	2	1	5.5	0.71	-1	0	10	D
GreaterSwissMountainDog03	36	6	4	2.67	2.58	-1.5	0.58	10	D
Hovawart03	44	6	0	1.67	0.52	0	0	10	D
IstrianShorthairedHound01	38	2	0	5	0.0	0	0	10	D
KunmingDog03	46	4	0	2.5	1.73	0	0	10	D
NorwegianElkhound03_1011	6	3	1	4	1.73	-2	0	10	D
PatagonianOvejeroDog01_33712	34	4	3	3.5	2.38	-1.33	0.58	10	D
PortugueseWaterDog15_34618	30	4	1	3.75	2.06	-5	0	10	D
ShetlandSheepdog05_16126	26	6	2	2.33	2.07	-2	0.0	10	D
TimberWolf01	102	4	0	2.5	1.73	0	0	10	W
ToyFoxTerrier02_8969	26	4	2	3	1.83	-1	0.0	10	D
UnknownBreed14	68	2	1	7.5	7.78	-5	0	10	D
VillDog_Borneo03	42	4	2	3	1.15	-1	0.0	10	D
VillDog_China39	62	3	1	3.67	1.53	-1	0	10	D
VillDog_China49	28	5	3	2.8	1.1	-1.33	0.58	10	D
Vizsla02_27015	26	5	4	3.2	2.59	-1.5	0.58	10	D
WestHighlandWhiteTerr06	48	3	3	4.67	2.31	-1.33	0.58	10	D
YorkshireTerrier59	56	3	2	4	1.73	-1	0.0	10	D
AmericanStaffordshireTerrier02_24262	50	3	0	3.67	1.53	0	0	11	D
Beagle03	8	3	2	4.33	2.52	-1	0.0	11	D
BiewerTerrier05_31253	28	3	1	4	1.73	-1	0	11	D
CairnTerrier07	18	5	2	3	1.87	-2	0.0	11	D
CairnTerrier15	52	3	1	4	1.73	-1	0	11	D
CarolinaDog01_Reseq_7771	26	4	2	3.25	2.22	-1	0.0	11	D
ChineseSharpei01	64	3	0	3.67	2.31	0	0	11	D
CretanTracer02	26	3	2	4.33	2.08	-1	0.0	11	D
Greyhound09	46	4	1	4	2.31	-5	0	11	D
IbizanHound02_1172	28	2	2	6.5	0.71	-1	0.0	11	D
JackRussellTerrier08	6	5	3	3.2	1.64	-1.67	0.58	11	D
Kuvasz03_7525	46	4	0	2.75	2.22	0	0	11	D
LagottoRomagnolo07_31299	28	4	3	4	2.94	-1.67	0.58	11	D
NorwegianElkhound04_1012	26	3	1	4	1.73	-1	0	11	D
NorwichTerrier06_25013	14	5	5	3.8	2.49	-1.6	0.55	11	D
Pointer07_24730	46	4	3	4	2.31	-1.67	0.58	11	D
Pug05	30	6	2	2.17	1.17	-1	0.0	11	D
Schipperke02_33150	6	5	4	3.6	2.19	-1.75	0.5	11	D
Sloughi04	56	1	1	13	0	-2	0	11	D
SmoothFoxTerrier01_7935	46	4	1	3	2.71	-1	0	11	D
SoftCoatedWheatenTerrier01	62	2	0	5.5	0.71	0	0	11	D
SussexSpaniel03_7643	46	4	0	2.75	1.5	0	0	11	D
VillDog_China19	38	3	2	4.67	5.51	-1.5	0.71	11	D
VillDog_China25	34	5	2	2.8	1.64	-1.5	0.71	11	D
VillDog_Portugal02	68	3	1	4.33	2.89	-2	0	11	D
YorkshireTerrier15	16	3	1	4	1.73	-1	0	11	D
YorkshireTerrier76_14941	30	3	1	4	1.73	-1	0	11	D
BassetHound03_13196	44	3	3	5.33	2.89	-1.33	0.58	12	D
Beauceron02_31956	46	3	1	4.33	2.08	-1	0	12	D
BelgianMalinois16	26	3	0	4	1.73	0	0	12	D
BelgianMalinois19	46	3	0	4	1.73	0	0	12	D
BelgianSheepdog04_24974	60	3	0	4	1.73	0	0	12	D
BelgianTervuren14_BT1246	30	5	2	3.2	2.59	-2	0.0	12	D
BorderCollie16	46	3	2	4.67	2.31	-1	0.0	12	D
BullMastiff02_1125	26	5	2	3.2	2.17	-2	0.0	12	D
BullTerrier05_23673	46	3	0	4	1.73	0	0	12	D
BullTerrier14_23602	44	3	0	4	1.73	0	0	12	D
BullTerrier22_23667	46	3	0	4	1.73	0	0	12	D
BullTerrier25_23678	50	3	0	4	1.73	0	0	12	D
CarolinaDog01_7771	24	4	1	3.25	2.22	-1	0	12	D
Chinook08_33360	26	3	4	5.33	2.89	-1	0.0	12	D
ChowChow03	38	3	2	4.67	0.58	-1	0.0	12	D
Dingo09_35300	28	3	2	4.67	4.62	-1	0.0	12	D
Dingo13_35304	26	6	2	2.33	1.37	-1	0.0	12	D
Dingo16_35307	24	6	2	2.33	1.37	-1	0.0	12	D
Dingo18_35309	22	6	2	2.33	1.37	-1	0.0	12	D
FlatCoatedRetriever05_23470	26	4	2	3.5	1.73	-1	0.0	12	D
Greyhound01	48	3	0	4	1.73	0	0	12	D
Kuvasz01_7774	46	4	0	3	1.83	0	0	12	D
LabradorRetriever20	24	5	2	3.2	1.64	-2	0.0	12	D
Leonberger11	42	3	0	4	1.73	0	0	12	D
MountainCur02_33066	14	3	0	4	1.73	0	0	12	D
OldEnglishSheepdog03_6014	42	3	2	4.67	2.31	-1	0.0	12	D
Pekingese01_23356	44	3	0	4	1.73	0	0	12	D
ToyFoxTerrier06_13289	42	3	0	4	1.73	0	0	12	D
Wolf108	26	6	2	2.67	1.63	-2	0.0	12	W
Wolf112	56	7	2	2	1.41	-1	0.0	12	W
Wolf71	60	4	0	3	0.82	0	0	12	W
WolfTibetan08	40	3	2	5.33	6.66	-2	0.0	12	W
Akita01_12758	32	5	2	3	2.0	-1	0.0	13	D
BichonFrise02_974	32	3	3	5.33	2.89	-1	0.0	13	D
BorderCollie28	26	4	3	4.25	2.36	-1.33	0.58	13	D
BoykinSpaniel02_9998	26	3	2	5	2.65	-1	0.0	13	D
CarolinaDog04_31707	6	7	2	2.14	1.77	-1	0.0	13	D
Dachshund16	48	4	1	3.5	1.73	-1	0	13	D
FinnishSpitz01_7309	38	5	4	3.4	2.3	-1	0.0	13	D
GermanShepherd20_30910	46	4	1	3.5	1.73	-1	0	13	D
GermanShepherd29	44	4	1	3.5	1.73	-1	0	13	D
GL08.11	46	3	1	4.67	2.31	-1	0	13	D
IndigenousDogNigeria03	50	1	0	13	0	0	0	13	D
KunmingDog07	46	3	0	4.33	2.08	0	0	13	D
LabradorRetriever26	50	5	2	3.8	2.95	-3	2.83	13	D
Maltese03	34	5	3	3.2	1.64	-1	0.0	13	D
MIX_AmericanCocker_Beagle01	52	4	1	3.75	2.63	-2	0	13	D
MIX_LabradorRetriever01	50	4	1	3.5	1.73	-1	0	13	D
NewGuineaSingingDog14_34699	26	5	2	3	1.87	-1	0.0	13	D
NorwegianElkhound05_31276	26	4	2	3.75	2.06	-1	0.0	13	D
ParsonsRussellTerrier02_12325	54	3	0	4.33	2.08	0	0	13	D
PhuquocRidgeback03_34880	44	3	0	4.33	2.08	0	0	13	D
PitBullTerrier02	26	5	2	3.4	1.95	-2	0.0	13	D
ScottishDeerhound06_34132	26	4	1	3.5	1.73	-1	0	13	D
ScottishDeerhound09_34151	26	4	1	3.5	1.73	-1	0	13	D
SmoothFoxTerrier04_30263	10	5	2	3	2.35	-1	0.0	13	D
TibetanSpaniel04	46	4	1	3.5	1.73	-1	0	13	D
UnknownBreed21	50	3	1	4.67	2.31	-1	0	13	D
UnknownBreed23	28	4	1	4.5	2.89	-5	0	13	D
VillDog_China28	38	3	0	4.33	0.58	0	0	13	D
VillDog_Portugal01	52	1	0	13	0	0	0	13	D
YorkshireTerrier65	32	3	1	4.67	5.51	-1	0	13	D
AustralianCattleDog02	50	3	0	4.67	2.31	0	0	14	D
AustralianTerrier03_8663	46	3	0	4.67	2.31	0	0	14	D
Basenji02	26	4	2	4.5	1.91	-2	0.0	14	D
Basenji03	26	5	2	3.6	2.19	-2	0.0	14	D
BerneseMountainDog07_2488	76	2	0	7	0.0	0	0	14	D
BorderTerrier02	46	3	2	5.33	2.89	-1	0.0	14	D
BullTerrier13_23592	6	5	2	3.6	2.3	-2	0.0	14	D
BullTerrier31_23719	46	4	0	3.5	1.73	0	0	14	D
BullTerrier37_24725	6	5	2	3.6	2.3	-2	0.0	14	D
BullTerrier39_23703	46	4	0	3.5	1.73	0	0	14	D
CatahoulaLeopardDog03_33139	44	4	1	3.75	2.36	-1	0	14	D
ChineseCrested06	46	4	0	3.5	1.73	0	0	14	D
Chinook04_33143	28	5	2	3.6	2.19	-2	0.0	14	D
CockerSpanielEnglish05	46	4	0	3.5	1.73	0	0	14	D
Dachshund03	50	4	2	5	2.0	-3	2.83	14	D
EnglishMastiff05	46	4	0	3.5	1.73	0	0	14	D
EntlebucherSennenhund08	46	3	2	5.33	2.89	-1	0.0	14	D
GermanShepherd19_30892	46	4	0	3.5	1.73	0	0	14	D
GermanShepherd22_30958	28	4	4	4.5	2.89	-1	0.0	14	D
GermanShepherd24_35053	26	4	4	4.5	2.89	-1	0.0	14	D
GL03.03	92	2	0	7	0.0	0	0	14	D
GoldenRetriever01	34	3	0	4.67	2.31	0	0	14	D
GoldenRetriever10	30	3	0	4.67	2.31	0	0	14	D
Hovawart02	26	4	4	4.5	2.89	-1	0.0	14	D
JackRussellTerrier06	46	4	0	3.5	1.73	0	0	14	D
KunmingDog19	34	4	3	4.25	1.71	-1	0.0	14	D
Leonberger01	58	3	0	4.67	5.51	0	0	14	D
Leonberger08	50	3	0	4.67	2.31	0	0	14	D
Leonberger10	26	4	2	4	2.31	-1	0.0	14	D
MiniatureBullTerrier01	48	4	0	3.5	1.73	0	0	14	D
MiniatureBullTerrier02_23778	6	5	2	3.6	2.3	-2	0.0	14	D
Mudi01_33142	26	3	2	5.33	2.89	-1	0.0	14	D
Newfoundland04	26	4	0	3.5	1.73	0	0	14	D
NorfolkTerrier01_4675	46	3	2	5.33	2.89	-1	0.0	14	D
PetitBassetGriffonVendeen02_9402	28	3	2	5.33	2.89	-1	0.0	14	D
RhodesianRidgeback05	24	4	0	3.5	1.73	0	0	14	D
Saluki02	26	3	0	4.67	2.31	0	0	14	D
WestHighlandWhiteTerr02	48	4	2	4	2.31	-1	0.0	14	D
WestHighlandWhiteTerr16_21971	6	5	4	4	2.74	-1.5	0.58	14	D
Whippet03_27897	30	3	2	5.33	2.89	-1	0.0	14	D
YorkshireTerrier24	26	3	2	5.33	2.89	-1	0.0	14	D
YorkshireTerrier32	44	4	1	3.75	1.5	-1	0	14	D
YorkshireTerrier40	34	4	4	4.5	0.58	-1	0.0	14	D
AfricanGoldenWolf06	80	4	2	4.75	2.06	-2	0.0	15	W
BelgianMalinois09	48	3	1	5.33	2.89	-1	0	15	D
Boerboel01_21873	46	4	0	3.75	2.06	0	0	15	D
CardiganWelshCorgi03_33212	26	5	4	4.4	2.51	-1.75	0.5	15	D
EnglishMastiff01_21270	26	3	1	5.33	2.89	-1	0	15	D
EnglishMastiff04_30097	10	4	1	4	2.94	-1	0	15	D
EnglishSpringerSpaniel10	46	4	1	4	2.31	-1	0	15	D
GiantSchnauzer01_20570	30	4	1	4	2.45	-1	0	15	D
IndigenousDogVietnam05	30	5	2	3.4	1.34	-1	0.0	15	D
IrishWaterSpaniel02_30479	26	5	0	3	2.0	0	0	15	D
Mudi01_Reseq_33142	32	3	1	5.33	2.89	-1	0	15	D
SilkyTerrier01_6209	48	3	1	5.33	2.89	-1	0	15	D
StandardPoodle05	26	4	2	4.25	2.63	-1	0.0	15	D
Wolf96	60	9	2	2.11	1.69	-2	0.0	15	W
AlaskanMalamute02	48	5	1	3.4	1.95	-1	0	16	D
Basenji05	46	4	0	4	2.31	0	0	16	D
BassetHound04	54	4	2	4.5	2.89	-1	0.0	16	D
BergerPicard02	46	4	2	4.5	2.89	-1	0.0	16	D
BergerPicard04	44	4	2	4.5	2.89	-1	0.0	16	D
BergerPicard05_33251	46	4	2	4.5	2.89	-1	0.0	16	D
BergerPicard06_33252	46	4	2	4.5	2.89	-1	0.0	16	D
BergerPicard07	46	4	2	4.5	2.89	-1	0.0	16	D
BullTerrier10_23587	6	6	2	3.33	2.16	-2	0.0	16	D
BullTerrier16_23634	6	6	2	3.33	2.16	-2	0.0	16	D
BullTerrier27_23702	12	6	2	3.33	2.16	-2	0.0	16	D
BullTerrier32_23720	6	6	2	3.33	2.16	-2	0.0	16	D
BullTerrier36_24718	8	6	2	3.33	2.16	-2	0.0	16	D
BullTerrier40_23675	6	6	2	3.33	2.16	-2	0.0	16	D
BullTerrier41_24720	12	6	2	3.33	2.16	-2	0.0	16	D
CatahoulaLeopardDog04_33152	46	4	0	4	1.41	0	0	16	D
CockerSpanielAmerican05	46	4	0	4	2.31	0	0	16	D
EnglishFoxhound02_947	48	4	2	4.5	2.89	-1	0.0	16	D
Papillon02_27882	26	4	0	4	2.31	0	0	16	D
Saluki01_1233	24	4	0	4	2.31	0	0	16	D
Saluki03	36	4	0	4	2.31	0	0	16	D
Sloughi02	44	4	2	4.5	2.89	-1	0.0	16	D
Sloughi03	46	4	2	4.5	2.89	-1	0.0	16	D
UnknownBreed13	52	3	1	5.67	6.35	-1	0	16	D
UnknownBreed17	10	3	0	5.33	2.89	0	0	16	D
WestHighlandWhiteTerr04	46	4	2	4.5	2.89	-1	0.0	16	D
WestHighlandWhiteTerr12	6	6	4	3.67	2.58	-1.5	0.58	16	D
WestHighlandWhiteTerr15_21964	6	6	4	3.67	2.58	-1.5	0.58	16	D
Whippet04	26	4	2	4.5	2.89	-1	0.0	16	D
YorkshireTerrier25	28	3	0	5.33	2.89	0	0	16	D
YorkshireTerrier39	14	3	1	5.67	6.35	-1	0	16	D
BrittanySpaniel03_12726	14	5	2	3.8	2.28	-1	0.0	17	D
Dingo14_35305	26	7	2	2.71	1.6	-1	0.0	17	D
Kuvasz02_6230	26	5	0	3.4	2.41	0	0	17	D
NeapolitanMastiff01_23560	12	7	4	3.29	2.21	-1.5	0.58	17	D
NorwegianLundehund06_31833	46	4	0	4.25	2.63	0	0	17	D
Sloughi01	46	4	1	4.5	1.73	-1	0	17	D
TibetanSpaniel12_30674	46	4	0	4.25	1.5	0	0	17	D
WelshTerrier04_22244	26	4	1	4.5	2.08	-1	0	17	D
WestHighlandWhiteTerr10	46	4	1	4.5	2.89	-1	0	17	D
Basenji04	24	6	2	3.67	1.97	-2	0.0	18	D
BullTerrier18_23653	6	6	2	3.67	2.58	-2	0.0	18	D
BullTerrier20_23658	6	6	2	3.67	2.58	-2	0.0	18	D
BullTerrier35_23727	6	6	2	3.67	2.58	-2	0.0	18	D
BullTerrier38_34137	6	6	2	3.67	2.58	-2	0.0	18	D
BullTerrier43_34623	6	6	2	3.67	2.58	-2	0.0	18	D
ChineseIndigenousDog01	42	1	4	24	0	-1.5	0.58	18	D
EnglishMastiff03_24151	44	5	0	3.6	2.7	0	0	18	D
GermanShorthairedPointer01_30644	34	3	0	6	1.73	0	0	18	D
GrandeBassetGriffonVendeen03_5373	40	4	2	5	2.45	-1	0.0	18	D
JapaneseChin04_24329	46	4	0	4.5	2.08	0	0	18	D
MiniatureBullTerrier04	12	6	2	3.67	2.58	-2	0.0	18	D
Otterhound04	46	4	2	5	2.45	-1	0.0	18	D
PembrokeWelshCorgi01	26	4	2	5	2.45	-1	0.0	18	D
PembrokeWelshCorgi02	48	4	0	4.5	1.91	0	0	18	D
Pumi01_Reseq_29689	26	4	4	5.5	2.38	-1	0.0	18	D
VillDog_China21	30	2	1	10	0.0	-2	0	18	D
VillDog_Vietnam06	44	4	1	4.75	1.89	-1	0	18	D
WestHighlandWhiteTerr17_23537	28	6	4	3.67	2.8	-1	0.0	18	D
Wolf42	34	7	4	3.71	2.43	-2	0.82	18	W
AmericanEskimoDog03_10810	46	4	0	4.75	1.89	0	0	19	D
CatahoulaLeopardDog08_31598	28	7	0	2.71	3.3	0	0	19	D
Dingo05_35296	26	8	3	2.88	3.04	-1.33	0.58	19	D
Dingo20_35311	26	5	1	4	2.0	-1	0	19	D
FieldSpaniel02_27364	42	4	0	4.75	2.22	0	0	19	D
BelgianMalinois23	46	5	1	4.2	2.49	-1	0	20	D
Dingo11_35302	68	6	0	3.33	1.86	0	0	20	D
IrishWaterSpaniel03_30480	48	4	0	5	1.15	0	0	20	D
SealyhamTerrier09_34460	52	4	1	5.25	0.5	-1	0	20	D
WirehairedPointingGriffon02_27155	46	4	2	5.5	5.45	-1	0.0	20	D
AustralianCattleDog03	26	8	2	2.88	2.95	-1	0.0	21	D
YorkshireTerrier50	44	2	1	11	12.73	-1	0	21	D
GermanShepherd11	34	2	4	13	15.56	-1	0.0	22	D
JackRussellTerrier04	34	5	4	5.6	4.04	-1.5	0.58	22	D
SiberianHusky05	54	4	0	5.5	0.58	0	0	22	D
BorderCollie11	66	2	1	12.5	16.26	-2	0	23	D
CretanTracer04	46	5	3	5.4	4.93	-1.33	0.58	23	D
Dingo28	42	5	1	4.8	3.83	-1	0	23	D
MiniaturePoodle02	22	2	2	12.5	9.19	-1	0.0	23	D
Dingo31	56	6	0	4	0.89	0	0	24	D
EnglishSpringerSpaniel09	36	6	2	4.67	4.76	-2	0.0	24	D
LabradorRetriever05	48	3	1	9.67	8.08	-5	0	24	D
Landseer01	30	3	0	8	12.12	0	0	24	D
MiniatureSchnauzer06	38	2	1	13	15.56	-2	0	24	D
MixedBreed06	50	3	2	9.33	12.7	-2	0.0	24	D
NewGuineaSingingDog17	34	7	3	4.14	4.26	-1.67	0.58	24	D
VillDog_China11	26	3	3	9	8.89	-1	0.0	24	D
Wolf02	34	6	2	4.67	3.61	-2	1.41	24	W
YorkshireTerrier63	64	4	0	6	5.77	0	0	24	D
TeddyRooseveltTerrier01_24735	46	5	3	5.8	4.76	-1.33	0.58	25	D
VillDog_China22	34	2	2	13.5	0.71	-1	0.0	25	D
Xoloitzcuintli03_34496	56	5	1	5.4	4.28	-2	0	25	D
ChineseIndigenousDog10	62	4	2	7	6.93	-1	0.0	26	D
CockerSpanielEnglish03	46	5	0	5.2	3.96	0	0	26	D
EntlebucherSennenhund04	44	4	2	7	5.77	-1	0.0	26	D
GermanShepherd04	56	3	2	9.33	6.35	-1	0.0	26	D
GoldenRetriever07	54	4	0	6.5	4.04	0	0	26	D
TibetanSpaniel10	76	2	0	13	0.0	0	0	26	D
WelshTerrier02_1024	58	4	2	7	6.93	-1	0.0	26	D
YorkshireTerrier55	36	4	3	7.25	11.18	-1	0.0	26	D
CairnTerrier01	40	3	1	9.33	12.7	-1	0	27	D
CatahoulaLeopardDog01_Reseq_33138	26	4	2	7.25	4.5	-1	0.0	27	D
GL11.18	54	5	3	6.2	7.43	-1.33	0.58	27	D
UnknownBreed18	56	4	1	7	6.93	-1	0	27	D
Wolf36	22	2	2	15.5	16.26	-2	0.0	27	W
MexicanHairless01	34	6	3	5.33	6.35	-1.33	0.58	28	D
MiniatureBullTerrier05_11474	12	5	2	6.4	7.27	-2	0.0	28	D
PeruvianVillageDog06	60	1	2	31	0	-1.5	0.71	28	D
Wolf27	28	5	2	6.2	9.96	-1.5	0.71	28	W
AmericanEskimoDog06_10809	44	3	3	11	14.8	-1.33	0.58	29	D
Dachshund01	20	4	2	7.75	7.63	-1	0.0	29	D
Dingo08_35299	6	7	1	4.43	3.15	-2	0	29	D
EntlebucherSennenhund03	54	5	2	6.2	4.55	-1	0.0	29	D
VillDog_China40	48	3	0	9.67	8.08	0	0	29	D
AlaskanHusky02	46	7	1	4.43	4.2	-1	0	30	D
BelgianMalinois03	48	2	0	15	18.38	0	0	30	D
Maltese07	50	2	0	15	18.38	0	0	30	D
YorkshireTerrier26	28	3	3	11	13.89	-1	0.0	30	D
SideStripedJackal01	98	8	5	6.25	9.72	-3.8	1.64	31	D
WestHighlandWhiteTerr09	6	5	4	7.4	6.95	-1.5	0.58	31	D
AmericanEskimoDog08_15301	28	7	3	5	3.87	-1	0.0	32	D
AmericanWaterSpaniel02_988	34	4	3	8.75	5.5	-1	0.0	32	D
BerneseMountainDog09_4666	62	3	0	10.67	7.51	0	0	32	D
CairnTerrier02	42	2	1	16.5	20.51	-1	0	32	D
Doberman04	38	4	0	8	12.68	0	0	32	D
VillDog_China43	56	3	1	12.33	19.63	-5	0	32	D
Wolf41	46	9	2	4	6.12	-2	0.0	32	W
BoykinSpaniel04_9911	28	3	2	11.67	10.69	-1	0.0	33	D
GermanShepherd03	42	5	2	7	6.82	-1	0.0	33	D
GordonSetter01	26	8	2	4.62	5.5	-2	0.0	33	D
LabradorRetriever01	46	5	2	7.8	4.6	-3	2.83	33	D
Wolf05	60	2	4	21	24.04	-2.25	1.26	33	W
YorkshireTerrier30	48	2	1	17	22.63	-1	0	33	D
BorderCollie10	76	2	1	18	24.04	-2	0	34	D
Coyote06	72	8	2	4.75	4.43	-2	0.0	34	W
GoldenRetriever11	26	5	1	7.8	4.6	-5	0	34	D
MiniatureSchnauzer07	28	5	3	7.4	13.2	-1	0.0	34	D
RhodesianRidgeback03	28	3	1	11.67	16.74	-1	0	34	D
ShetlandSheepdog02	26	6	3	6.33	12.09	-1.33	0.58	34	D
TeddyRooseveltTerrier02_24776	48	5	1	7.2	5.12	-2	0	34	D
Wolf110	50	8	3	5	4.21	-2	0.0	34	W
Wolf64	60	6	2	9.67	7.23	-12	14.14	34	W
BorderTerrier03	30	4	4	10.25	16.5	-1.5	0.58	35	D
LabradorRetriever12	24	5	4	9	12.39	-2.5	1.73	35	D
YorkshireTerrier37	28	4	3	10	9.38	-1.67	0.58	35	D
CurlyCoatedRetriever05	46	6	0	6	10.79	0	0	36	D
LabradorRetriever13	36	3	2	14	10.39	-3	2.83	36	D
Leonberger04	40	2	2	19	24.04	-1	0.0	36	D
CockerSpanielEnglish01	26	6	4	7.17	9.99	-1.5	0.58	37	D
GrandeBassetGriffonVendeen02_5372	50	3	2	13.33	20.5	-1.5	0.71	37	D
LabradorRetriever25	46	7	1	5.43	4.35	-1	0	37	D
NorwichTerrier05_25012	50	2	0	18.5	23.33	0	0	37	D
RhodesianRidgeback02	54	2	0	18.5	23.33	0	0	37	D
Wolf18	26	8	4	5.38	5.83	-1.5	0.58	37	W
ChineseCrested05	50	2	0	19	24.04	0	0	38	D
GermanShepherd16_12786	32	6	5	7.5	4.32	-1.4	0.55	38	D
IndigenousDogNigeria02	24	4	2	10.5	9.81	-2	0.0	38	D
IndigenousDogVietnam04	30	3	1	13.33	19.63	-2	0	38	D
VillDog_Africa01	26	4	2	10.5	9.81	-2	0.0	38	D
Wolf26	76	9	2	4.44	4.25	-1	0.0	38	W
YorkshireTerrier72	48	2	2	20	25.46	-1	0.0	38	D
BelgianMalinois11	34	4	0	9.75	11.59	0	0	39	D
CirnecodellEtna01_26441	26	6	2	6.83	6.08	-1	0.0	39	D
Eurasier01	32	3	1	13.33	13.65	-1	0	39	D
Otterhound03_26413	50	4	2	10.5	12.5	-1.5	0.71	39	D
SaintBernard05_12751	36	3	2	13.67	18.5	-1	0.0	39	D
SpanishGalgo01	52	2	2	20.5	26.16	-1	0.0	39	D
UnknownBreed03	70	3	0	13	0.0	0	0	39	D
CaneCorso01	46	5	2	8.4	9.07	-1	0.0	40	D
NorwichTerrier01	16	6	2	7	4.47	-1	0.0	40	D
PortugueseWaterDog09_30157	48	7	1	6.43	5.8	-5	0	40	D
TibetanSpaniel07	70	3	0	13.33	13.65	0	0	40	D
VillDog_India05	44	3	0	13.33	9.81	0	0	40	D
Boxer01	26	4	0	10.25	16.56	0	0	41	D
BullTerrier34_23723	46	6	0	6.83	6.08	0	0	41	D
CatahoulaLeopardDog05_33321	18	4	2	10.75	11.09	-1	0.0	41	D
CockerSpanielAmerican01_11414	42	4	0	10.25	11.32	0	0	41	D
NewGuineaSingingDog16	54	8	1	5.25	3.88	-1	0	41	D
Rottweiler12_25123	46	4	0	10.25	16.56	0	0	41	D
VillDog_China18	50	4	1	10.5	15.15	-1	0	41	D
NorwegianElkhound06_31968	50	3	2	15	20.81	-1.5	0.71	42	D
VillDog_China08	38	5	4	9.2	9.86	-1	0.0	42	D
Wolf62	72	4	0	10.5	10.97	0	0	42	W
Wolf77	54	9	2	5.11	7.88	-2	0.0	42	W
Briard01_15126	6	6	5	8.5	13.07	-1.6	0.55	43	D
CeskyTerrier02_33431	28	5	2	9	16.78	-1	0.0	43	D
ChongqingDog01	52	3	2	15	8.66	-1	0.0	43	D
LancashireHeeler03_33512	26	7	2	6.71	13.36	-2	0.0	43	D
Samoyed01_176	26	5	1	8.8	8.76	-1	0	43	D
SiberianHusky01_14529	46	6	0	7.17	13.64	0	0	43	D
EthiopianWolf01	74	9	0	4.89	5.04	0	0	44	W
IndigenousDogVietnam02	40	4	2	11.5	14.89	-1	0.0	44	D
NewGuineaSingingDog02	66	4	1	12	8.08	-4	0	44	D
Weimaraner02_15384	28	6	2	7.83	15.28	-1.5	0.71	44	D
WirehairedPointingGriffon01_27154	46	6	2	7.83	4.07	-1.5	0.71	44	D
Wolf109	28	8	3	6.12	11.7	-1.67	0.58	44	W
YorkshireTerrier52	56	4	1	11.5	12.12	-2	0	44	D
FieldSpaniel01	50	4	1	11.5	18.38	-1	0	45	D
GermanWirehairedPointer03_2486	26	4	5	12.75	15.02	-1.2	0.45	45	D
Havanese04	70	3	1	15.67	25.4	-2	0	45	D
Leonberger15	48	5	1	9.4	13.01	-2	0	45	D
SiberianHusky02	48	6	2	11.5	15.11	-12	14.14	45	D
SpinoneItaliano03_30560	38	2	2	23.5	30.41	-1	0.0	45	D
ToyPoodle01_10442	26	5	1	9.2	14.55	-1	0	45	D
VillDog_Qatar01	46	7	2	6.71	5.79	-1	0.0	45	D
AiredaleTerrier06	58	3	1	16	25.12	-2	0	46	D
BeardedCollie01	78	4	2	12.5	13.28	-2	0.0	46	D
SoftCoatedWheatenTerrier03	16	4	2	12.5	0.58	-2	0.0	46	D
TibetanMastiff06	58	2	1	24	0.0	-2	0	46	D
ToyFoxTerrier04_13139	40	4	0	11.5	16.36	0	0	46	D
Wolf106	78	2	1	24	0.0	-2	0	46	W
Wolf65	66	3	2	16.67	12.7	-2	0.0	46	W
YorkshireTerrier64	52	2	2	24	0.0	-1	0.0	46	D
BorderCollie03	52	3	1	16.33	19.63	-2	0	47	D
CairnTerrier04	56	3	2	16.33	24.83	-1	0.0	47	D
GiantSchnauzer02_21940	46	6	1	8	12.36	-1	0	47	D
IrishWolfhound01_21534	6	5	1	9.6	15.37	-1	0	47	D
NorwichTerrier02	58	2	0	23.5	30.41	0	0	47	D
AustralianTerrier02_30508	46	4	1	12.25	15.28	-1	0	48	D
BelgianTervuren02_22754	68	2	0	24	0.0	0	0	48	D
BerneseMountainDog04_1003	58	2	0	24	0.0	0	0	48	D
BorderCollie12	66	6	2	8.67	14.09	-2	0.0	48	D
BorderCollie14	76	2	0	24	0.0	0	0	48	D
BorderTerrier01	78	2	0	24	0.0	0	0	48	D
CatahoulaLeopardDog02_33137	42	8	0	6	9.5	0	0	48	D
Coyote08	76	7	1	7.14	10.16	-2	0	48	W
IrishWaterSpaniel06_30864	26	3	0	16	25.12	0	0	48	D
Leonberger07	78	2	0	24	0.0	0	0	48	D
LhasaApso04	48	3	1	16.33	24.83	-1	0	48	D
SilkyTerrier02_7299	46	4	1	12.25	15.28	-1	0	48	D
UnknownBreed20	64	2	0	24	0.0	0	0	48	D
Wolf07	44	4	4	13.5	0.58	-1.5	0.58	48	W
Wolf101	78	2	0	24	0.0	0	0	48	W
Wolf111	76	7	1	7.14	10.16	-2	0	48	W
Wolf56	68	4	2	12.5	0.58	-1	0.0	48	W
Wolf98	76	4	1	12.5	0.58	-2	0	48	W
YorkshireTerrier08	32	3	2	16.67	12.7	-1	0.0	48	D
DandieDinmontTerrier02_7732	6	6	4	9.17	14.8	-1.5	0.58	49	D
Dingo29	58	6	0	8.17	4.36	0	0	49	D
EnglishSetter02	44	5	1	10.8	8.56	-5	0	49	D
LabradorRetriever16	26	5	1	10.8	15.93	-5	0	49	D
PortugueseWaterDog02_30033	34	6	0	8.17	10.38	0	0	49	D
ShetlandSheepdog04_15112	26	8	3	6.62	13.91	-1.33	0.58	49	D
YorkshireTerrier03	62	6	0	8.17	10.72	0	0	49	D
YorkshireTerrier53	54	3	1	16.67	12.7	-1	0	49	D
BelgianSheepdog08_30647	48	5	0	10	15.2	0	0	50	D
BelgianTervuren03_24639	42	5	2	10.4	4.72	-1	0.0	50	D
Dhole02	76	4	10	18	19.63	-2.2	1.03	50	D
KunmingDog05	40	3	3	17.67	23.76	-1	0.0	50	D
LabradorRetriever17	46	5	1	10.2	19.46	-1	0	50	D
MiniaturePinscher01_12874	28	4	3	13.75	20.92	-1.67	0.58	50	D
ShetlandSheepdog11_21970	26	7	3	7.71	16.45	-1.33	0.58	50	D
ShibaInu01	56	5	0	10	11.02	0	0	50	D
BullTerrier23_23668	58	4	0	12.75	17.56	0	0	51	D
ChesapeakeBayRetriever04	30	6	3	9	13.89	-1	0.0	51	D
LagottoRomagnolo02	42	5	1	10.4	8.02	-1	0	51	D
Pomeranian03_8521	56	6	1	8.83	17.72	-2	0	51	D
Rottweiler05	50	4	0	12.75	21.55	0	0	51	D
ShibaInu03_15049	24	6	2	9	12.84	-1.5	0.71	51	D
VillDog_China31	30	6	3	9	8.56	-1	0.0	51	D
AustralianShepherd01_27104	54	5	1	10.8	15.93	-2	0	52	D
BeardedCollie07	78	4	2	14	15.01	-2	0.0	52	D
GlenofImaalTerrier05_4268	14	6	2	9.17	14.74	-1.5	0.71	52	D
NewGuineaSingingDog10_35130	24	6	2	9	14.79	-1	0.0	52	D
NorwichTerrier04	16	4	2	13.5	16.5	-1	0.0	52	D
RhodesianRidgeback01	76	2	1	27	0.0	-2	0	52	D
ShetlandSheepdog18_28494	46	5	1	10.8	15.93	-2	0	52	D
SoftCoatedWheatenTerrier02	14	8	4	7.25	5.63	-1.5	0.58	52	D
WelshSpringerSpaniel01_27011	42	5	1	10.6	15.95	-1	0	52	D
Wolf34	46	4	4	14.5	11.0	-1.5	0.58	52	W
Coonhound01	30	3	0	17.67	13.65	0	0	53	D
CurlyCoatedRetriever04	46	4	0	13.25	17.27	0	0	53	D
Dingo19_35310	56	2	1	29	35.36	-5	0	53	D
Greyhound04	48	4	1	14.5	14.43	-5	0	53	D
MixedBreed08	38	4	2	13.75	17.0	-1	0.0	53	D
TibetanTerrier02	26	4	0	13.25	9.74	0	0	53	D
TreeingWalkerCoonhound02_26987	48	3	3	19	22.52	-1.33	0.58	53	D
Whippet02_27884	24	5	2	11	8.43	-1	0.0	53	D
YorkshireTerrier33	36	3	4	19.67	14.01	-1.5	0.58	53	D
BavarianHound01	34	4	1	14.75	20.25	-5	0	54	D
BorderCollie06	96	2	0	27	0.0	0	0	54	D
CardiganWelshCorgi01_9284	0	6	5	10.17	13.04	-1.4	0.55	54	D
Chihuahua06	26	6	3	10.17	17.22	-2.33	2.31	54	D
IndigenousDogNigeria04	28	6	1	9.17	8.86	-1	0	54	D
JackRussellTerrier03	34	5	2	11.2	5.17	-1	0.0	54	D
MountainCur04_33312	48	4	1	13.75	20.85	-1	0	54	D
TibetanMastiff05	42	2	0	27	0.0	0	0	54	D
UnknownBreed29	76	4	0	13.5	0.58	0	0	54	D
VillDog_China14	34	6	4	9.67	9.81	-1	0.0	54	D
VillDog_China42	60	4	0	13.5	0.58	0	0	54	D
Wolf102	78	2	0	27	0.0	0	0	54	W
IrishTerrier04	6	7	4	9.29	15.86	-2.5	1.73	55	D
SpinoneItaliano08	58	2	1	28	0.0	-1	0	55	D
GoldenRetriever06	28	3	0	18.67	14.43	0	0	56	D
LabradorRetriever10	32	8	4	7.75	7.07	-1.5	0.58	56	D
MixedBreed10	28	4	0	14	15.38	0	0	56	D
PatagonianOvejeroDog07_34834	46	5	3	12	18.59	-1.33	0.58	56	D
Pointer05_9031	46	6	1	9.5	12.72	-1	0	56	D
ScottishTerrier03	54	6	2	9.67	5.96	-1	0.0	56	D
TibetanSpaniel09	52	2	2	31	0.0	-3	1.41	56	D
Wolf_WO001_895	48	9	0	6.22	11.27	0	0	56	W
YorkshireTerrier73	64	5	0	11.2	5.17	0	0	56	D
Pumi01_29689	28	5	4	12.2	15.12	-1	0.0	57	D
SealyhamTerrier02_33235	38	9	1	6.44	8.71	-1	0	57	D
BelgianSheepdog07_24604	52	7	2	8.57	7.21	-1	0.0	58	D
EnglishMastiff02	24	4	0	14.5	14.43	0	0	58	D
EnglishSpringerSpaniel03	52	7	2	8.57	7.21	-1	0.0	58	D
GoldenRetriever24	26	5	0	11.6	16.53	0	0	58	D
NovaScotiaDuckTollingRetriever01	32	7	2	8.57	7.21	-1	0.0	58	D
PortugueseWaterDog10_29901	74	6	0	9.67	7.23	0	0	58	D
ScottishDeerhound07_34144	28	5	1	11.8	18.62	-1	0	58	D
StandardPoodle07	26	4	1	14.75	20.25	-1	0	58	D
Wolf104	68	5	2	12.4	13.41	-2	0.0	58	W
AlaskanHusky01	56	4	0	14.75	10.69	0	0	59	D
AmericanEskimoDog02_10808	22	4	0	14.75	20.25	0	0	59	D
Borzoi01_13141	30	3	2	20.33	30.04	-1	0.0	59	D
CockerSpanielEnglish09_28381	48	5	0	11.8	16.45	0	0	59	D
HighlandWildDog02_34327	26	7	2	8.71	14.28	-1	0.0	59	D
Otterhound02_26412	46	4	2	15.25	19.97	-1	0.0	59	D
ShetlandSheepdog08_20204	22	7	3	8.86	12.4	-1	0.0	59	D
BeardedCollie04	76	4	2	16	17.32	-2	0.0	60	D
BostonTerrier02	26	4	4	16	25.35	-1	0.0	60	D
PetitBassetGriffonVendeen01	34	8	2	7.75	7.07	-1	0.0	60	D
TosaInu01_21914	46	5	2	13.2	17.88	-3	2.83	60	D
TosaInu02_25491	26	7	3	9.29	15.86	-1.67	0.58	60	D
GermanShepherd12	44	5	0	12.2	13.55	0	0	61	D
BorderCollie13	76	2	0	31	0.0	0	0	62	D
JackRussellTerrier09	34	1	2	64	0	-1	0.0	62	D
UnknownPoodle01	44	5	0	12.4	13.41	0	0	62	D
GreaterSwissMountainDog05	26	7	4	9.86	15.73	-1.5	0.58	63	D
VillDog_China23	60	5	2	13	10.05	-1	0.0	63	D
Wolf105	58	8	0	7.88	6.15	0	0	63	W
Wolf60	68	5	0	12.6	14.1	0	0	63	W
ChowChow04	28	10	2	6.6	7.44	-1	0.0	64	D
Doberman07	26	7	2	9.43	16.26	-1	0.0	64	D
FrenchBulldog05_16072	16	5	5	14.2	18.9	-1.4	0.55	64	D
Kromfohrlander01	44	4	2	16.5	16.74	-1	0.0	64	D
UnknownBreed15	34	3	0	21.33	16.74	0	0	64	D
Wolf67	66	8	3	9.5	9.64	-4	1.73	64	W
YorkshireTerrier42	60	3	2	22	15.59	-1	0.0	64	D
Dalmatian01	44	7	0	9.29	12.38	0	0	65	D
NorwichTerrier03	44	4	1	16.5	16.74	-1	0	65	D
Wolf69	56	5	2	13.8	17.53	-2	0.0	65	W
FlatCoatedRetriever02_24743	56	2	3	35	0.0	-1.33	0.58	66	D
GoldenRetriever09	40	5	0	13.2	12.66	0	0	66	D
GreatPyrenees01	46	5	0	13.2	12.66	0	0	66	D
KerryBlueTerrier02	76	4	1	17	18.48	-2	0	66	D
MIX_KerryBlueTerrier_Beagle01	76	4	1	17	18.48	-2	0	66	D
Samoyed03_14503	54	7	1	9.57	5.06	-1	0	66	D
VillDog_China33	48	6	2	11.5	15.11	-1.5	0.71	66	D
Weimaraner01	46	7	1	9.71	21.74	-2	0	66	D
Wolf63	56	5	0	13.2	6.94	0	0	66	W
YorkshireTerrier16	48	4	0	16.5	16.74	0	0	66	D
Beagle04	36	4	0	16.75	16.5	0	0	67	D
Doberman05	30	8	3	8.88	12.22	-1.33	0.58	67	D
GL10.04	44	5	2	14	12.77	-1.5	0.71	67	D
NovaScotiaDuckTollingRetriever02_13604	6	6	2	11.83	21.27	-2	0.0	67	D
UnknownBreed12	24	4	2	17.25	15.92	-1	0.0	67	D
Wolf28	56	3	3	24.67	17.9	-2.33	2.31	67	W
525	70	4	0	17	18.48	0	0	68	D
AmericanFoxhound01_34454	26	4	1	17.25	27.85	-1	0	68	D
AustralianShepherd05_33555	46	7	1	9.86	17.35	-1	0	68	D
BelgianMalinois02	34	5	2	14	12.04	-1	0.0	68	D
Chihuahua03	78	2	1	35	0.0	-2	0	68	D
GermanShepherd05	44	5	1	13.8	15.74	-1	0	68	D
GoldenRetriever05	58	2	1	35	0.0	-2	0	68	D
SaintBernard02	80	2	1	35	0.0	-2	0	68	D
VillDog_China48	50	4	0	17	11.55	0	0	68	D
Wolf24	56	6	3	12.33	17.56	-2	0.0	68	W
Wolf61	66	5	0	13.6	13.2	0	0	68	W
Wolf90	34	6	2	12	25.5	-2	0.0	68	W
BouvierDesFlandres05_20143	26	4	2	17.75	24.94	-1	0.0	69	D
GL04.01	82	3	1	23.67	19.63	-2	0	69	D
IrishRedandWhiteSetter01_5386	58	4	2	18.25	19.35	-2	0.0	69	D
NorwegianLundehund04_31115	44	6	0	11.5	12.11	0	0	69	D
SoftCoatedWheatenTerrier06_13026	6	6	4	12.5	20.96	-1.5	0.58	69	D
WireFoxTerrier02_11119	26	6	1	11.83	10.5	-2	0	69	D
YorkshireTerrier34	42	3	0	23	19.0	0	0	69	D
Beagle01_16145	26	7	0	10	9.27	0	0	70	D
BelgianSheepdog01_27485	34	5	4	15.2	18.07	-1.5	0.58	70	D
BorderCollie17	78	2	0	35	0.0	0	0	70	D
Kuvasz04	24	7	2	10.57	15.67	-2	0.0	70	D
MiniatureSchnauzer12	56	3	2	24	19.05	-1	0.0	70	D
PortuguesePodengo01	38	5	0	14	17.35	0	0	70	D
SiberianHusky04	58	2	0	35	0.0	0	0	70	D
SoftCoatedWheatenTerrier04	62	6	2	12	16.27	-1	0.0	70	D
StandardPoodle03	56	3	1	24	19.05	-2	0	70	D
VillDog_China20	58	3	1	24	19.05	-2	0	70	D
YorkshireTerrier06	44	5	0	14	12.04	0	0	70	D
YorkshireTerrier51	38	3	2	24	19.05	-1	0.0	70	D
BullTerrier24_23676	8	7	2	10.71	19.63	-2	0.0	71	D
Dingo22_35313	26	8	2	9.12	14.88	-1	0.0	71	D
PembrokeWelshCorgi03	44	6	1	12.17	11.7	-2	0	71	D
ShetlandSheepdog17_26810	30	7	4	11.29	23.34	-2	0.0	71	D
Wolf49	40	7	4	11.57	12.08	-2.5	1.73	71	W
YorkshireTerrier22	54	6	1	12	16.27	-1	0	71	D
ChineseIndigenousDog06	48	5	0	14.4	15.24	0	0	72	D
GermanShepherd27	44	6	0	12	14.78	0	0	72	D
Rottweiler01_21895	58	2	4	39	0.0	-1.5	0.58	72	D
VillDog_Portugal03	34	9	3	8.44	10.62	-1.33	0.58	72	D
YorkshireTerrier14	30	5	0	14.4	15.18	0	0	72	D
BedlingtonTerrier01_27328	36	3	4	26.33	21.94	-1.5	0.58	73	D
BlackBackedJackal01	78	8	4	10.88	17.37	-3.5	2.89	73	D
EnglishSetter04_15386	50	4	1	19.5	29.73	-5	0	73	D
PeruvianVillageDog07	44	3	0	24.33	17.93	0	0	73	D
StandardPoodle01	50	5	1	15.6	14.21	-5	0	73	D
VillDog_China50	62	6	0	12.17	14.63	0	0	73	D
BelgianSheepdog06_24605	40	3	4	26.67	21.36	-1.5	0.58	74	D
BerneseMountainDog05_1300	60	2	0	37	2.83	0	0	74	D
GL08.17	50	5	1	15.2	14.52	-2	0	74	D
GL09.07	48	6	3	13.17	14.13	-1.67	0.58	74	D
ScottishDeerhound04_31239	28	6	1	12.5	17.85	-1	0	74	D
Wolf01	60	2	2	39	0.0	-2	0.0	74	W
Wolf94	36	12	2	6.5	12.75	-2	0.0	74	W
Beagle02	16	9	4	9	7.84	-1.5	0.58	75	D
Elo01	46	5	1	15.2	14.52	-1	0	75	D
FlatCoatedRetriever01_20576	58	2	2	39	0.0	-1.5	0.71	75	D
LabradorRetriever06	36	4	4	20.25	21.65	-1.5	0.58	75	D
ShetlandSheepdog16	10	6	2	12.83	22.78	-1	0.0	75	D
Wolf99	78	3	0	25	17.32	0	0	75	W
BullTerrier15_23624	74	2	0	38	0.0	0	0	76	D
CockerSpanielAmerican06	56	4	0	19	20.78	0	0	76	D
CretanTracer01	76	4	0	19	20.78	0	0	76	D
GreatDane01_6610	54	2	2	39	0.0	-1	0.0	76	D
NorwegianLundehund01	44	5	0	15.2	14.52	0	0	76	D
TibetanSpaniel13_31251	76	4	0	19	20.78	0	0	76	D
GL28.02	80	3	1	26.33	21.94	-2	0	77	D
GlenofImaalTerrier01_4258	12	8	5	10.5	11.58	-1.4	0.55	77	D
Wolf29	46	5	3	16.8	20.3	-2.33	2.31	77	W
BelgianSheepdog02_23570	56	4	2	20	20.78	-1	0.0	78	D
BorderCollie19_33939	76	2	0	39	0.0	0	0	78	D
GrayFox01	106	2	0	39	0.0	0	0	78	W
GreaterSwissMountainDog02	56	2	0	39	0.0	0	0	78	D
Keeshond01_29779	62	3	2	26.67	21.36	-1	0.0	78	D
MiniatureSchnauzer18_24692	56	4	2	20	20.78	-1	0.0	78	D
VillDog_China12	44	3	0	26	20.78	0	0	78	D
VillDog_Vietnam04	82	2	0	39	0.0	0	0	78	D
Wolf100	76	2	0	39	0.0	0	0	78	W
Wolf107	58	8	2	10.25	15.33	-2	0.0	78	W
Bloodhound01_25394	24	8	3	10.25	16.84	-1	0.0	79	D
BorderCollie02	72	7	1	11.57	12.08	-2	0	79	D
GL15.61	88	3	0	26.33	21.94	0	0	79	D
UnknownBreed10	48	5	1	16.2	19.9	-2	0	79	D
WestHighlandWhiteTerr13_10023	10	9	5	9.56	14.91	-1.4	0.55	79	D
YorkshireTerrier67	56	3	1	26.67	21.36	-1	0	79	D
AlaskanMalamute01_30099	44	6	1	13.67	18.85	-2	0	80	D
BelgianTervuren10_22774	52	7	2	11.71	11.94	-1	0.0	80	D
ChowChow02_13802	22	7	2	11.71	13.74	-1	0.0	80	D
Havanese06	74	4	0	20	21.94	0	0	80	D
ScottishTerrier01_8542	56	4	2	20.5	21.36	-1	0.0	80	D
ScottishTerrier04	54	4	2	20.5	21.36	-1	0.0	80	D
StandardPoodle02	40	3	0	26.67	21.36	0	0	80	D
TibetanTerrier03	54	6	0	13.33	12.21	0	0	80	D
VillDog_China37	42	4	0	20	20.8	0	0	80	D
Wolf72	72	3	0	26.67	21.36	0	0	80	W
Wolf78	54	10	2	8.4	11.11	-2	0.0	80	W
BelgianSheepdog09_31144	60	7	1	11.71	11.94	-1	0	81	D
GreekTracer04	28	4	5	22	23.22	-1.4	0.55	81	D
UnknownBreed11	24	7	3	12	17.77	-1	0.0	81	D
Leonberger18	50	8	0	10.25	16.1	0	0	82	D
PortugueseWaterDog06_29907	50	7	0	11.71	11.94	0	0	82	D
Wolf70	60	4	0	20.5	21.36	0	0	82	W
GlenofImaalTerrier02_4263	12	10	4	8.9	10.75	-1.5	0.58	83	D
WolfTibetan03	56	9	2	9.67	5.57	-2	0.0	83	W
AustralianCattleDog01	38	4	2	21.5	20.27	-1	0.0	84	D
BeardedCollie02	72	8	2	11	16.72	-2	0.0	84	D
BerneseMountainDog14_12307	58	2	1	45	0.0	-6	0	84	D
CretanTracer05	60	5	3	17.8	21.19	-1.33	0.58	85	D
GL10.17	110	9	0	9.44	6.69	0	0	85	D
PeruvianVillageDog01	16	2	5	45	0.0	-1	0.0	85	D
AmericanStaffordshireTerrier06_24030	60	2	3	45	0.0	-1.33	0.58	86	D
BelgianMalinois12	42	3	4	30.67	24.83	-1.5	0.58	86	D
BerneseMountainDog06_1441	78	6	2	15	20.16	-2	0.0	86	D
Leonberger03	32	4	2	22	18.48	-1	0.0	86	D
Rottweiler03	40	6	0	14.33	18.38	0	0	86	D
BerneseMountainDog15_13020	48	4	1	23	15.41	-5	0	87	D
BerneseMountainDog17_20139	58	3	2	30.33	25.4	-2	0.0	87	D
BorderCollie24	78	3	2	30.33	25.4	-2	0.0	87	D
GreekTracer05	24	6	1	15.33	17.65	-5	0	87	D
BorderCollie15	50	5	2	18	8.22	-1	0.0	88	D
CeskyTerrier01_31125	40	2	2	45	0.0	-1	0.0	88	D
GermanShepherd17_13170	42	6	0	14.67	18.13	0	0	88	D
GlenofImaalTerrier03_4265	16	5	5	19	23.74	-1.4	0.55	88	D
GoldenRetriever28	48	6	0	14.67	13.69	0	0	88	D
IbizanHound06_1316	44	5	1	17.8	18.5	-1	0	88	D
LancashireHeeler02_5378	36	5	5	19	23.74	-1.4	0.55	88	D
Maltese14	80	2	1	45	0.0	-2	0	88	D
MIX_MiniatureSchnauzer_Beagle01	58	2	2	45	0.0	-1	0.0	88	D
BedlingtonTerrier05_31124	38	5	3	18.8	23.92	-1.67	0.58	89	D
BorderCollie26_BC_30512	68	3	1	30.33	25.4	-2	0	89	D
ChineseIndigenousDog08	42	5	1	18.8	17.88	-5	0	89	D
EnglishSetter03	56	4	0	22.25	19.65	0	0	89	D
GL15.44	76	3	1	30.33	25.4	-2	0	89	D
StaffordshireBullTerrier02_30237	54	3	2	30.67	24.83	-1.5	0.71	89	D
BelgianLaekenois01_34575	78	2	0	45	0.0	0	0	90	D
BelgianTervuren04_24613	66	2	0	45	0.0	0	0	90	D
BelgianTervuren09_28308	38	3	2	30.67	24.83	-1	0.0	90	D
BerneseMountainDog02_30814	50	2	0	45	0.0	0	0	90	D
BiewerTerrier01_33805	54	3	2	30.67	24.83	-1	0.0	90	D
ChineseCrested01	44	6	0	15	17.87	0	0	90	D
CockerSpanielAmerican03	22	6	0	15	17.87	0	0	90	D
Dachshund15	52	2	0	45	0.0	0	0	90	D
FlatCoatedRetriever03_28051	32	5	6	19.6	23.28	-1.33	0.52	90	D
GoldenRetriever03	14	7	2	13.14	9.3	-1	0.0	90	D
GoldenRetriever12	24	5	0	18	18.33	0	0	90	D
GoldenRetriever23_25512	56	2	0	45	0.0	0	0	90	D
GreaterSwissMountainDog01	64	2	0	45	0.0	0	0	90	D
Keeshond03_35078	78	2	0	45	0.0	0	0	90	D
MiniatureSchnauzer09	56	3	2	30.67	24.83	-1	0.0	90	D
MiniatureSchnauzer15	56	4	2	23	14.07	-1	0.0	90	D
MountainCur01_9321	54	2	0	45	0.0	0	0	90	D
PeruvianVillageDog05	76	2	0	45	0.0	0	0	90	D
Pomeranian02	74	2	0	45	0.0	0	0	90	D
SealyhamTerrier08_34461	44	5	1	18.2	18.17	-1	0	90	D
ShibaInu02	44	2	0	45	0.0	0	0	90	D
SpinoneItaliano02_937	54	2	0	45	0.0	0	0	90	D
SwedishVallhund01_10043	54	3	2	30.67	24.83	-1	0.0	90	D
TibetanTerrier04	56	2	0	45	0.0	0	0	90	D
Wolf48	56	6	2	16	22.47	-3	1.41	90	W
AmericanStaffordshireTerrier03_29583	58	5	2	19	23.74	-2	0.0	91	D
BelgianSheepdog05_15643	48	4	0	22.75	18.17	0	0	91	D
EnglishSpringerSpaniel05_4239	54	4	2	23.5	24.83	-1.5	0.71	91	D
GL11.08	78	4	1	23	25.4	-1	0	91	D
GlenofImallTerrier06_4261	16	7	5	14	21.18	-1.4	0.55	91	D
SealyhamTerrier06_33398	42	6	2	15.5	17.55	-1	0.0	91	D
BelgianSheepdog12_34665	56	4	2	23.5	24.83	-1	0.0	92	D
BergerPicard03	44	6	2	15.67	17.44	-1	0.0	92	D
GoldenRetriever08	50	8	0	11.5	10.86	0	0	92	D
JackRussellTerrier05	44	5	1	18.6	14.12	-1	0	92	D
LabradorRetriever23	38	6	4	16.33	22.21	-1.5	0.58	92	D
LhasaApso03_26983	78	3	0	30.67	24.83	0	0	92	D
Samoyed04_33261	56	4	0	23	25.4	0	0	92	D
WestHighlandWhiteTerr03	24	8	4	12	16.23	-1	0.0	92	D
Wolf82	44	6	3	16.17	22.36	-1.67	0.58	92	W
HighlandWildDog03_35837	56	8	1	11.75	15.66	-1	0	93	D
Dachshund08_12335	56	3	2	32	22.52	-1	0.0	94	D
Pointer03_27378	66	3	2	32	22.52	-1	0.0	94	D
BelgianMalinois14	56	4	2	24.5	23.73	-1	0.0	96	D
Pointer01_15390	44	6	1	16.33	16.88	-1	0	97	D
Rottweiler07	56	4	3	25.5	22.52	-1.33	0.58	98	D
GoldenRetriever02	76	5	1	20.6	17.39	-2	0	101	D
Newfoundland05_29395	56	4	1	25.5	22.52	-1	0	101	D
BorderCollie23_34101	26	5	2	20.8	22.15	-1	0.0	102	D
PeruvianHairless01	54	7	0	14.57	13.77	0	0	102	D
YorkshireTerrier69	50	6	2	17.33	16.88	-1	0.0	102	D
BullTerrier03_23604	24	8	1	13	15.87	-1	0	103	D
Hovawart01	48	6	1	17.33	18.38	-1	0	103	D
BerneseMountainDog18_969	54	2	0	52	0.0	0	0	104	D
WolfTibetan01	48	15	2	7.2	7.53	-2	0.0	104	W
PortugueseWaterDog09_Reseq_30157	48	3	1	36.67	30.02	-5	0	105	D
YorkshireTerrier23	54	7	0	15	16.6	0	0	105	D
CirnecodellEtna03_31284	30	3	0	35.33	28.87	0	0	106	D
CockerSpanielEnglish06	58	2	2	55	0.0	-2	0.0	106	D
Wolf59	86	7	0	15.14	12.98	0	0	106	W
AfghanHound04	60	8	0	13.38	11.36	0	0	107	D
FlatCoatedRetriever07_25539	54	2	1	54	0.0	-1	0	107	D
CatahoulaLeopardDog11	74	2	0	54	0.0	0	0	108	D
CavalierKingCharlesSpaniel04_15286	24	8	1	13.62	15.94	-1	0	108	D
GreatDane04	68	2	0	54	0.0	0	0	108	D
SealyhamTerrier07_34153	62	6	2	18.33	20.67	-1	0.0	108	D
StdManchesterTerrier01_33437	74	2	0	54	0.0	0	0	108	D
AmericanStaffordshireTerrier05	74	3	1	37	31.18	-2	0	109	D
BichonFrise03_13125	44	3	2	37.33	30.6	-1.5	0.71	109	D
CockerSpanielAmerican04	38	3	0	36.33	4.62	0	0	109	D
Rottweiler08	42	4	0	27.25	29.17	0	0	109	D
SealyhamTerrier05_33336	54	6	1	18.33	20.67	-1	0	109	D
ChowChow06_30105	48	8	1	14	19.16	-2	0	110	D
MiniatureSchnauzer13	56	3	2	37.33	30.6	-1	0.0	110	D
VillDog_China36	78	4	0	27.5	4.04	0	0	110	D
YorkshireTerrier12	50	5	2	22.4	11.93	-1	0.0	110	D
AustralianShepherd04_33489	52	4	2	28.5	30.6	-1	0.0	112	D
Dachshund12	24	6	4	20.67	25.88	-3	2.31	112	D
IbizanHound01_1171	24	4	2	28.5	27.14	-1	0.0	112	D
LhasaApso02_20104	64	9	1	12.67	10.25	-2	0	112	D
Samoyed02	58	9	2	12.67	10.25	-1	0.0	112	D
BorderCollie25_BC_27398	66	5	2	23.4	26.19	-2	0.0	113	D
AustralianTerrier01	40	4	0	28.5	30.6	0	0	114	D
Dingo32	54	8	0	14.25	16.8	0	0	114	D
DogoArgentino02_33067	24	5	2	23.4	28.87	-1.5	0.71	114	D
GreekTracer03	54	4	2	29	28.91	-1	0.0	114	D
LabradorRetriever15	34	5	4	23.6	20.04	-1	0.0	114	D
VillDog_China09	48	9	1	12.78	12.72	-1	0	114	D
Newfoundland01	34	7	1	16.57	24.26	-1	0	115	D
PharaohHound03_27789	26	4	6	31.25	24.94	-1.67	0.52	115	D
ShetlandSheepdog06_16127	24	8	3	14.88	24.77	-1.33	0.58	115	D
BerneseMountainDog21_21878	56	4	0	29	18.48	0	0	116	D
Dachshund09_27368	54	5	2	23.6	20.04	-1	0.0	116	D
GermanShepherd26_35063	48	5	1	23.4	28.87	-1	0	116	D
Briard02_20209	36	6	2	20.17	19.8	-2	0.0	117	D
Dachshund02	34	6	3	20	19.98	-1	0.0	117	D
ShetlandSheepdog12_22484	54	4	3	30.25	33.2	-1.33	0.58	117	D
SmoothFoxTerrier02_29481	44	7	1	16.86	24.09	-1	0	117	D
SussexSpaniel01_6098	44	6	0	19.5	26.74	0	0	117	D
Wolf92	56	8	2	15.12	19.14	-2	0.0	117	W
AmericanHairlessTerrier04_1124	30	6	0	19.67	26.63	0	0	118	D
BerneseMountainDog24_28441	54	2	0	59	0.0	0	0	118	D
BerneseMountainDog25_33589	58	3	1	39.67	33.49	-1	0	118	D
BiewerTerrier02_31246	40	3	2	40	32.91	-1	0.0	118	D
Dachshund11_8272	44	5	2	24	27.41	-1	0.0	118	D
Heideterrier01	36	5	0	23.6	20.04	0	0	118	D
JackRussellTerrier07	6	7	3	17.57	25.57	-1.67	0.58	118	D
Maremma01_21897	44	8	0	14.75	24.23	0	0	118	D
NewGuineaSingingDog12_35132	24	6	2	20	27.14	-1	0.0	118	D
Pointer06_20568	52	4	2	30	28.88	-1	0.0	118	D
RhodesianRidgeback08	74	2	0	59	0.0	0	0	118	D
ScottishDeerhound11_34155	34	6	2	20	19.98	-1	0.0	118	D
ScottishTerrier10_28349	50	6	2	20	19.98	-1	0.0	118	D
SoftCoatedWheatenTerrier07_13027	78	2	0	59	0.0	0	0	118	D
StaffordshireBullTerrier03_30240	64	2	0	59	0.0	0	0	118	D
VillDog_China01	76	7	0	16.86	10.54	0	0	118	D
Wolf81	54	6	2	21	18.94	-4	0.0	118	W
BelgianMalinois08	44	6	1	20	24.82	-1	0	119	D
BelgianMalinois26	34	6	2	20.33	24.57	-1.5	0.71	119	D
Collie01_13303	30	3	4	41.33	34.06	-1.25	0.5	119	D
CurlyCoatedRetriever01	36	7	1	17.71	13.72	-5	0	119	D
Greyhound03	42	3	1	41.33	34.06	-5	0	119	D
PetitBassetGriffonVendeen04_12353	46	3	1	40	32.91	-1	0	119	D
BelgianMalinois17	48	3	0	40	32.91	0	0	120	D
GiantSchnauzer05	54	4	2	30.5	32.91	-1	0.0	120	D
Grossspitz01	54	6	2	20.33	19.63	-1	0.0	120	D
LabradorRetriever21	56	6	2	21	21.48	-3	1.41	120	D
Maltese11	42	4	1	30.5	32.91	-2	0	120	D
MiniatureSchnauzer04_21475	54	4	2	30.5	32.91	-1	0.0	120	D
Pointer04	38	6	4	21	21.48	-1.5	0.58	120	D
Pug07	44	7	0	17.14	25.88	0	0	120	D
ShetlandSheepdog10_21202	74	6	2	20.67	21.84	-2	0.0	120	D
StdManchesterTerrier06_33540	76	4	1	30.5	20.21	-2	0	120	D
TeddyRooseveltTerrier03_24777	44	6	0	20	24.81	0	0	120	D
Wolf20	50	9	2	13.56	11.7	-1	0.0	120	W
CardiganWelshCorgi02_33210	26	5	1	24.4	27.96	-1	0	121	D
Dachshund07_8249	24	8	3	16.25	23.98	-3	1.73	121	D
OldEnglishSheepdog01_5990	48	6	3	20.83	26.86	-1.33	0.58	121	D
SmoothFoxTerrier03_30235	32	6	3	20.67	29.7	-1	0.0	121	D
BelgianMalinois04	48	4	0	30.5	32.91	0	0	122	D
Jamthund01	24	6	4	21.33	17.64	-1.5	0.58	122	D
Leonberger21	76	4	0	30.5	20.21	0	0	122	D
MiniatureSchnauzer08	54	7	2	17.71	16.66	-1	0.0	122	D
NewGuineaSingingDog13_34695	26	7	2	17.71	25.77	-1	0.0	122	D
Wolf19	72	6	1	20.67	15.4	-2	0	122	W
AiredaleTerrier01	46	5	0	24.6	26.9	0	0	123	D
Akbash01_15287	24	8	2	15.88	24.2	-2	0.0	123	D
BelgianMalinois28_24233	44	6	1	20.67	25.88	-1	0	123	D
BerneseMountainDog01_4679	52	6	1	20.67	15.4	-1	0	123	D
Dingo17_35308	24	10	3	12.8	22.3	-1.67	0.58	123	D
SkyeTerrier02_33346	24	6	2	21	25.6	-1.5	0.71	123	D
TreeingWalkerCoonhound01_23115	30	5	1	24.8	26.73	-1	0	123	D
AustralianShepherd03_31260	54	6	2	21	21.48	-1	0.0	124	D
Beagle05	24	6	2	21	24.05	-1	0.0	124	D
BerneseMountainDog11_4767	58	4	0	31	4.62	0	0	124	D
BullTerrier33_23722	44	6	0	20.67	26.63	0	0	124	D
Chihuahua05	24	6	1	20.83	29.57	-1	0	124	D
GermanShepherd08	52	5	2	25.2	13.57	-1	0.0	124	D
GermanShepherd28	44	5	1	25	31.06	-1	0	124	D
Maltese06	44	5	0	24.8	31.24	0	0	124	D
BorderCollie07	74	5	1	25.4	14.08	-2	0	125	D
Bulldog01_14566	8	6	2	21.5	22.79	-2	0.0	125	D
KunmingDog13	32	4	1	31.5	31.8	-1	0	125	D
KunmingDog18	44	4	1	31.5	31.8	-1	0	125	D
LagottoRomagnolo09_33195	44	5	2	26.2	29.98	-3	2.83	125	D
LancashireHeeler01_5375	44	6	0	20.83	29.57	0	0	125	D
IbizanHound07_21535	78	4	2	32.5	36.37	-2	0.0	126	D
PatagonianOvejeroDog02_33715	66	4	2	32.5	36.37	-2	0.0	126	D
BullMastiff03_26414	24	5	1	26.4	29.8	-5	0	127	D
JapaneseChin01_12777	44	6	0	21.17	25.44	0	0	127	D
PatagonianOvejeroDog05_34831	44	5	1	26.4	29.8	-5	0	127	D
PeruvianVillageDog03	44	6	3	21.83	28.83	-1.33	0.58	127	D
PortugueseWaterDog13_5834	40	6	1	22	28.7	-5	0	127	D
SpinoneItaliano01	72	3	1	43	36.37	-2	0	127	D
BelgianTervuren20_34513	36	6	0	21.33	26.17	0	0	128	D
CatahoulaLeopardDog09_33136	44	4	2	32.5	30.6	-1	0.0	128	D
Dachshund06_8242	22	6	0	21.33	22.41	0	0	128	D
GermanShepherd23_35050	44	6	0	21.33	29.21	0	0	128	D
StandardSchnauzer03	44	4	0	32	31.18	0	0	128	D
StandardSchnauzer04	24	4	0	32	31.18	0	0	128	D
VillDog_China13	34	6	4	22	14.45	-1	0.0	128	D
Wolf25	76	7	2	18.57	16.38	-1	0.0	128	W
CockerSpanielEnglish07_12021	44	6	0	21.5	29.1	0	0	129	D
GreekTracer02	24	7	3	19	27.37	-1.33	0.58	129	D
SmallMunsterlander02_31614	44	5	1	26	30.16	-1	0	129	D
Xoloitzcuintli02_30509	44	5	0	25.8	30.33	0	0	129	D
BelgianMalinois06	44	6	2	22.67	28.23	-3	2.83	130	D
BorderCollie29	46	5	2	26.4	29.8	-1	0.0	130	D
BullTerrier29_23710	42	5	0	26	30.15	0	0	130	D
IrishWaterSpaniel01_28373	44	6	0	21.67	25.84	0	0	130	D
Kuvasz01_Reseq_7774	44	6	0	21.67	28.95	0	0	130	D
Leonberger02	24	5	2	26.4	29.8	-1	0.0	130	D
Leonberger19	26	5	2	26.4	29.8	-1	0.0	130	D
MiniatureSchnauzer14	52	7	2	18.86	16.9	-1	0.0	130	D
SwedishLapphund01	36	8	2	16.5	14.69	-1	0.0	130	D
WelshTerrier03_22235	44	5	0	26	30.15	0	0	130	D
CatahoulaLeopardDog07_10792	46	6	1	22	28.69	-1	0	131	D
GiantSchnauzer03_21939	24	6	1	22.17	20.09	-2	0	131	D
GoldenRetriever19	30	5	0	26.2	29.98	0	0	131	D
NorwegianLundehund05_31832	42	5	1	26.6	29.64	-2	0	131	D
SaintBernard06_12749	46	5	1	26.4	29.81	-1	0	131	D
BerneseMountainDog12_4851	58	4	0	33	6.93	0	0	132	D
BullTerrier06	44	6	0	22	28.69	0	0	132	D
LapponianHerder01	64	5	1	27.4	13.89	-5	0	132	D
MiniatureBullTerrier03_23779	44	6	0	22	28.69	0	0	132	D
MIX_Dachshund01	42	6	2	23	27.93	-3	2.83	132	D
PitBullTerrier03	24	6	0	22	28.69	0	0	132	D
RhodesianRidgeback04	44	6	0	22	28.69	0	0	132	D
UnknownBreed27	44	6	0	22	28.69	0	0	132	D
FrenchBulldog02	32	4	2	34.25	21.5	-2	0.0	133	D
BelgianSheepdog11_34638	44	6	2	22.67	28.23	-1	0.0	134	D
BullTerrier17_23636	74	2	0	67	0.0	0	0	134	D
EnglishMastiff06	44	6	1	22.5	28.35	-1	0	134	D
StandardSchnauzer05	76	2	0	67	0.0	0	0	134	D
JapaneseChin03_24956	44	6	1	22.83	28.02	-2	0	135	D
SussexSpaniel04_954	30	6	1	22.83	28.36	-2	0	135	D
YorkshireTerrier02	50	9	1	15.11	14.4	-1	0	135	D
EnglishSpringerSpaniel07	50	4	2	34.5	37.53	-1	0.0	136	D
IrishWaterSpaniel04_30856	44	6	0	22.67	28.18	0	0	136	D
Maltese02_1257	72	3	0	45.33	37.53	0	0	136	D
IrishWaterSpaniel05_30861	44	6	0	23.17	27.78	0	0	139	D
PembrokeWelshCorgi04_29405	44	6	0	23.33	27.66	0	0	140	D
TibetanTerrier01	56	4	0	35	4.62	0	0	140	D
Dalmatian02	50	8	1	17.75	13.17	-1	0	141	D
BelgianTervuren07_23576	64	6	2	24.33	17.31	-2	0.0	142	D
ClumberSpaniel03_33091	40	5	4	30.2	24.71	-2	1.41	143	D
Dingo15_35306	22	10	2	14.5	21.63	-1	0.0	143	D
GL01.01	76	4	3	36.5	1.73	-1	0.0	143	D
Wolf103	70	6	0	24	17.96	0	0	144	W
BelgianMalinois25	44	5	0	29	34.71	0	0	145	D
BouvierDesFlandres02_30531	36	5	2	30.4	26.54	-3.5	2.12	145	D
LabradorRetriever07	36	7	0	20.71	16.26	0	0	145	D
BullTerrier30_23717	44	7	0	21	22.96	0	0	147	D
ScottishDeerhound05_31240	44	6	0	24.67	32.82	0	0	148	D
TibetanSpaniel05	48	4	0	37	40.41	0	0	148	D
WestHighlandWhiteTerr18_24496	42	6	2	25.17	32.47	-1	0.0	149	D
YorkshireTerrier75	54	6	1	25	17.87	-1	0	149	D
Dingo02_34694	56	8	0	18.75	18.38	0	0	150	D
GoldenRetriever22_797	34	4	0	37.75	24.06	0	0	151	D
NewGuineaSingingDog01_30192	28	6	4	36	51.13	-16	28.67	152	D
SaintBernard03	26	4	2	38.75	24.86	-1	0.0	153	D
Stabyhoun01_33193	44	7	1	22.43	25.36	-1	0	156	D
BelgianMalinois13	26	6	3	26.67	27.66	-1	0.0	157	D
BrusselsGriffon01_6033	8	5	0	31.4	37.09	0	0	157	D
ChesapeakeBayRetriever01	24	7	4	23.57	24.58	-2	2.0	157	D
CretanTracer03	42	4	2	39.75	26.87	-1	0.0	157	D
AlaskanMalamute03	48	8	2	20	24.61	-1	0.0	158	D
SmallMunsterlander01_31612	22	6	2	26.67	35.16	-1	0.0	158	D
PatagonianOvejeroDog06_34833	30	7	0	23	26.2	0	0	161	D
CatahoulaLeopardDog01_Reseqx2_33138	42	4	2	41.25	26.99	-1	0.0	163	D
IbizanHound03_1228	66	10	2	16.8	16.5	-2	0.0	164	D
CaucasianOvcharka02_7997	26	7	3	24.29	28.42	-1.67	0.58	165	D
LabradorRetriever14	32	6	4	28.5	41.44	-1.5	0.58	165	D
PortugueseWaterDog12	44	10	0	16.6	23.87	0	0	166	D
TibetanTerrier06	54	6	0	27.67	19.13	0	0	166	D
BedlingtonTerrier03_33606	32	9	2	19	18.08	-2	0.0	167	D
BelgianMalinois24	36	5	4	34.8	43.12	-1.5	0.58	168	D
BiewerTerrier04_31248	46	7	2	24.29	24.03	-1	0.0	168	D
Havanese01	78	6	0	28	24.02	0	0	168	D
CurlyCoatedRetriever02	50	10	0	17	24.04	0	0	170	D
GL13.04	44	7	2	24.57	25.2	-1	0.0	170	D
KunmingDog20	24	7	3	25	26.45	-1	0.0	172	D
MastinoAbruzzese01_24546	24	6	1	29.5	27.72	-5	0	172	D
BelgianTervuren01_27484	36	7	4	26	38.37	-1.5	0.58	176	D
PortugueseWaterDog05_29934	74	6	0	29.33	23.87	0	0	176	D
ToyPoodle04	44	8	0	22	24.73	0	0	176	D
Rottweiler09	44	7	2	25.57	25.96	-1	0.0	177	D
Weimaraner04	24	8	2	23	24.35	-3.5	2.12	177	D
Papillon01_22902	40	7	1	25.71	27.24	-1	0	179	D
Maltese13	50	4	0	45	0.0	0	0	180	D
BelgianMalinois20	56	4	0	45.25	33.7	0	0	181	D
BerneseMountainDog16_13108	60	5	0	36.2	19.68	0	0	181	D
BoykinSpaniel01_9997	28	5	3	37	21.26	-1	0.0	182	D
PatagonianOvejeroDog03_34829	24	7	5	26.86	28.91	-1.2	0.45	182	D
KunmingDog11	30	7	1	26.29	26.69	-1	0	183	D
AlapahaBlueBloodBulldog02	24	8	2	23.25	23.98	-1	0.0	184	D
BelgianTervuren19_33058	50	9	3	21.11	21.32	-1.33	0.58	186	D
ToyFoxTerrier07_9014	6	6	1	31.17	33.33	-1	0	186	D
PembrokeWelshCorgi05_33363	50	7	1	27	29.22	-2	0	187	D
KunmingDog14	54	5	2	38	23.43	-1	0.0	188	D
AfricanWildDog02	72	14	6	14.86	25.5	-3	1.55	190	W
Dalmatian03_7305	50	8	0	23.88	30.51	0	0	191	D
ScottishDeerhound10_34154	24	7	1	27.57	30.93	-1	0	192	D
Wolf95	58	10	2	19.7	24.1	-2	0.0	193	W
MiniatureSchnauzer10	76	4	0	48.5	14.43	0	0	194	D
FlatCoatedRetriever13	76	4	0	49.5	5.2	0	0	198	D
Briard03_20268	2	10	3	20.4	33.2	-1.67	0.58	199	D
KunmingDog02	50	3	1	66.67	56.0	-1	0	199	D
GoldenRetriever17	12	3	3	68	53.69	-1	0.0	201	D
BassetHound01_10376	56	8	2	25.5	25.88	-1	0.0	202	D
KintamaniDog01	24	6	2	34.5	49.97	-2.5	2.12	202	D
NorwegianLundehund03	40	9	0	22.44	29.55	0	0	202	D
VillDog_Bali01	20	6	2	34.5	49.97	-2.5	2.12	202	D
CotonDeTulear01_33217	42	5	0	40.6	49.68	0	0	203	D
Wolf75	54	6	3	34.83	52.03	-2	0.0	203	W
Maltese09	64	3	0	68	57.16	0	0	204	D
Pekingese02	44	7	0	29.14	29.67	0	0	204	D
Samoyed05_33260	52	3	2	68.67	57.74	-1	0.0	204	D
TibetanSpaniel08	78	2	0	102	0.0	0	0	204	D
Basenji06	24	7	2	29.71	44.63	-1.5	0.71	205	D
ChineseSharpei05_11448	20	6	2	34.5	49.97	-1	0.0	205	D
CockerSpanielAmerican09_12453	48	11	0	18.64	16.72	0	0	205	D
BullTerrier21_23659	12	7	2	30	44.46	-2	0.0	206	D
TibetanSpaniel11	74	4	1	52	8.08	-2	0	206	D
BerneseMountainDog26_34297	52	4	0	52	8.08	0	0	208	D
KunmingDog16	38	5	4	42.8	54.07	-1.5	0.58	208	D
StdManchesterTerrier04_33492	76	6	2	38.67	49.35	-12	14.14	208	D
UnknownBreed26	76	4	0	52	8.08	0	0	208	D
AmericanHairlessTerrier01_1121	24	7	0	30	48.5	0	0	210	D
LhasaApso01_6220	26	5	2	42.4	38.8	-1	0.0	210	D
KunmingDog21	28	10	0	21.1	23.56	0	0	211	D
FlatCoatedRetriever09_28203	64	2	2	107	0.0	-1	0.0	212	D
Leonberger20	32	9	2	23.89	23.81	-1	0.0	213	D
BelgianTervuren17_BT1332	46	3	4	73.33	61.78	-1.5	0.58	214	D
StdManchesterTerrier05_33518	76	2	0	107	0.0	0	0	214	D
IbizanHound05_1164	22	6	2	36.17	30.01	-1	0.0	215	D
SmoothFoxTerrier06_30262	24	6	0	35.83	51.28	0	0	215	D
GL13.07	64	10	0	21.6	16.11	0	0	216	D
PortugueseWaterDog01_4528	32	5	0	43.2	53.69	0	0	216	D
ScottishTerrier02_9025	10	6	3	37	51.15	-1.67	0.58	217	D
SpinoneItaliano05_31638	24	4	5	55.75	62.64	-1.2	0.45	217	D
BullTerrier11_23589	4	7	2	31.71	48.05	-2	0.0	218	D
IcelandicSheepdog01_30708	50	5	2	44	23.48	-1	0.0	218	D
StandardPoodle06	24	6	2	36.67	50.64	-1	0.0	218	D
Dingo10_35301	46	8	0	27.38	19.26	0	0	219	D
PortugueseWaterDog07_30187	38	6	0	36.5	51.54	0	0	219	D
BullTerrier04_23664	20	6	2	37.33	50.91	-2	0.0	220	D
BullTerrier12_23590	4	7	2	32	47.87	-2	0.0	220	D
KunmingDog04	34	4	4	56	58.9	-1	0.0	220	D
SealyhamTerrier03_33281	46	5	2	44.4	53.53	-1	0.0	220	D
WelshTerrier01	24	6	0	36.67	51.4	0	0	220	D
CairnTerrier10	36	4	0	55.5	59.47	0	0	222	D
Dachshund10_8257	52	4	3	57	61.22	-1.33	0.58	224	D
KellyBlueTerrier03	70	4	0	56	12.7	0	0	224	D
AlapahaBlueBloodBulldog01	6	5	2	45.4	56.25	-1	0.0	225	D
BelgianMalinois10	30	6	4	38.67	52.98	-1.5	0.58	226	D
DogoArgentino01_22900	24	5	1	45.4	56.25	-1	0	226	D
KunmingDog15	44	5	0	45.2	56.43	0	0	226	D
Wolf84	34	6	1	38	55.01	-2	0	226	W
SealyhamTerrier04_33334	24	5	1	45.6	56.08	-1	0	227	D
Wolf39	56	5	3	46.4	61.71	-1.67	0.58	227	W
BullTerrier26_23700	4	7	2	33.14	50.49	-2	0.0	228	D
ChineseIndigenousDog03	48	5	1	46.6	23.42	-5	0	228	D
CurlyCoatedRetriever03	44	8	0	28.5	49.69	0	0	228	D
EnglishFoxhound03_27119	42	7	1	32.71	50.79	-1	0	228	D
Leonberger22_20043	72	4	0	57	2.31	0	0	228	D
AmericanEskimoDog04_8380	20	6	3	38.83	54.39	-1.33	0.58	229	D
BiewerTerrier03_31247	2	7	4	33.43	51.64	-1.25	0.5	229	D
WirehairedPointingGriffon03_27549	44	6	1	38.5	53.1	-1	0	230	D
Newfoundland02	24	6	3	39	54.25	-1	0.0	231	D
Pointer02_15391	42	8	2	29.12	27.16	-1	0.0	231	D
BelgianTervuren12_BT1032	60	5	0	46.4	25.07	0	0	232	D
Newfoundland03_29596	42	8	0	29	27.29	0	0	232	D
ShetlandSheepdog13_24037	74	8	2	29.5	25.04	-2	0.0	232	D
BullTerrier44_23713	42	6	1	39.17	54.11	-2	0	233	D
BerneseMountainDog08_4164	58	4	0	58.5	15.59	0	0	234	D
LabradorRetriever22	32	10	4	24	24.16	-1.5	0.58	234	D
ScottishTerrier09_20125	50	8	2	29.5	24.03	-1	0.0	234	D
BullTerrier19_23656	10	7	2	34.29	51.77	-2	0.0	236	D
Beauceron01_29598	40	6	0	39.5	53.86	0	0	237	D
PharaohHound02_27788	52	4	5	61.5	2.89	-1.8	0.84	237	D
ToyFoxTerrier01_8963	24	3	4	80.67	68.13	-1.25	0.5	237	D
EnglishSpringerSpaniel04_4238	54	3	2	80	67.55	-1	0.0	238	D
AmericanEskimoDog09_15304	52	3	2	80.67	68.13	-1	0.0	240	D
BorderCollie20_33967	72	9	1	27	18.99	-2	0	241	D
FieldSpaniel04_28378	42	7	1	34.57	28.05	-1	0	241	D
SaintBernard01_1075	48	7	2	34.71	34.46	-1	0.0	241	D
GoldenRetriever26	52	8	0	30.25	17.43	0	0	242	D
ScottishDeerhound02_31237	42	8	0	30.25	28.66	0	0	242	D
ScottishDeerhound03_31238	12	4	4	61.5	67.55	-1	0.0	242	D
NorwegianLundehund02	44	6	0	40.5	56.96	0	0	243	D
ShetlandSheepdog14_24460	70	12	2	20.67	24.07	-2	0.0	244	D
CavalierKingCharlesSpaniel01	24	6	2	41.17	61.07	-1	0.0	245	D
GrandeBassetGriffonVendeen01_5370	26	8	5	31.62	48.08	-1.4	0.55	246	D
NewGuineaSingingDog09_35129	20	6	2	41.67	59.91	-2	0.0	246	D
Weimaraner05	24	8	2	31	54.32	-1	0.0	246	D
AmericanHairlessTerrier02_1118	24	6	0	41.5	60.81	0	0	249	D
AustralianShepherd02_30713	24	7	3	36	56.73	-1	0.0	249	D
BouvierdesFlandres06_15380	44	7	2	37	56.75	-5	0.0	249	D
NewGuineaSingingDog07_30192r	24	6	2	42	60.43	-1.5	0.71	249	D
BassetHound02_12885	36	7	2	36	56.72	-1	0.0	250	D
ToyFoxTerrier05_13287	24	6	1	42	60.44	-2	0	250	D
Otterhound01_26411	42	5	2	50.6	62.47	-1	0.0	251	D
ToyPoodle02_24072	24	5	1	50.4	63.55	-1	0	251	D
BrittanySpaniel02_33265	24	5	2	50.8	63.2	-1	0.0	252	D
CotonDeTulear03_33882	24	5	0	50.4	63.55	0	0	252	D
ScottishDeerhound08_34149	32	8	2	31.75	27.54	-1	0.0	252	D
SpinoneItaliano04_30561	52	6	1	42.17	47.03	-1	0	252	D
AnatolianShepherdDog01_7584	44	6	0	42.17	59.54	0	0	253	D
NewGuineaSingingDog08_34692	24	7	2	36.43	57.11	-1	0.0	253	D
NorwegianBuhund02_31794	48	6	1	42.33	48.36	-1	0	253	D
BullTerrier28_23704	12	8	2	32.25	53.57	-2	0.0	254	D
ScottishTerrier08_20082	50	6	2	42.67	31.7	-1	0.0	254	D
BullTerrier09	20	4	2	64.75	53.28	-2	0.0	255	D
Collie03_29554	22	6	1	42.83	59.02	-1	0	256	D
GordonSetter02	24	6	0	42.67	59.93	0	0	256	D
Rottweiler04_30461	44	8	2	32.25	43.24	-1	0.0	256	D
BoykinSpaniel03_10013	24	8	0	32.12	41.88	0	0	257	D
HighlandWildDog01_34326	56	9	0	28.56	25.73	0	0	257	D
BullMastiff01	44	8	2	33.5	41.68	-5	0.0	258	D
BelgianTervuren11_24620	46	8	1	32.5	26.21	-1	0	259	D
AustralianCattleDog08_25269	70	6	0	44.33	44.7	0	0	266	D
Dingo06_35297	24	9	0	29.56	50.8	0	0	266	D
BelgianMalinois22	50	5	1	53.8	60.62	-1	0	268	D
BelgianTervuren05_28307	38	7	4	39.14	41.59	-1.5	0.58	268	D
DandieDinmontTerrier03_7733	6	6	6	46.5	57.83	-1.5	0.55	270	D
BichonFrise04_13198	42	8	1	34.62	25.05	-5	0	272	D
SaintBernard04_12750	24	6	2	46	51.3	-1	0.0	274	D
Dingo21_35312	24	9	2	30.78	46.51	-1	0.0	275	D
FrenchBulldog04_14477	12	6	5	47.33	41.63	-1.6	0.55	276	D
KunmingDog09	42	7	1	39.57	48.4	-1	0	276	D
ToyPoodle03_28359	48	7	1	39.71	49.7	-2	0	276	D
GL12.01	46	7	1	39.71	50.4	-1	0	277	D
GoldenRetriever14	42	8	0	34.75	21.97	0	0	278	D
GoldenRetriever15	4	7	1	39.86	54.36	-1	0	278	D
Maltese04	46	9	0	31.33	50.39	0	0	282	D
MIX_AmericanCocker_Beagle02	26	4	1	71.25	57.86	-2	0	283	D
BelgianTervuren18_BT1355	60	10	2	28.8	39.91	-2	0.0	284	D
BouvierDesFlandres03	24	8	2	36.62	52.8	-3.5	2.12	286	D
GiantSchnauzer04_26265	34	7	1	41.14	53.62	-2	0	286	D
EnglishSetter08	72	4	0	72	31.18	0	0	288	D
BullTerrier42_34622	4	9	2	32.56	46.55	-2	0.0	289	D
BostonTerrier03	24	6	4	49.17	57.2	-1	0.0	291	D
SkyeTerrier01_33239	22	8	0	36.5	35.31	0	0	292	D
Vizsla03_27073	52	6	2	49.17	42.86	-1	0.0	293	D
PortuguesePodengoPequeno02_34432	42	7	0	42	43.63	0	0	294	D
EnglishSetter07	74	4	0	74	40.41	0	0	296	D
YorkshireTerrier77_14954	52	5	2	59.6	43.33	-1	0.0	296	D
Dingo12_35303	24	10	2	30.1	43.58	-1	0.0	299	D
ShihTzu02_3192	22	8	2	38.25	45.19	-2	0.0	302	D
CairnTerrier16_25446	56	5	1	61.2	45.35	-1	0	305	D
FlatCoatedRetriever10_30377	56	4	2	77	36.95	-1	0.0	306	D
Leonberger17	50	8	0	38.5	41.85	0	0	308	D
NorfolkTerrier02_5353	10	8	5	39.38	52.82	-1.4	0.55	308	D
BelgianTervuren06_22771	56	13	2	24	20.32	-1	0.0	310	D
Maltese15	80	6	0	52.33	54.09	0	0	314	D
IrishSetter01_29781	22	8	0	39.38	43.8	0	0	315	D
LabradorRetriever19	56	4	0	79	46.19	0	0	316	D
BostonTerrier01_950	36	8	3	40.25	44.58	-1.67	0.58	317	D
EntlebucherSennenhund10_12842	50	6	1	53	46.93	-1	0	317	D
SealyhamTerrier10_34462	46	8	2	40.25	42.33	-1.5	0.71	319	D
BouvierDesFlandres01_29776	42	8	2	41.25	43.63	-5	0.0	320	D
Chinook02_33140	44	8	1	40.25	44.58	-1	0	321	D
Mudi02_33179	46	11	2	29.73	25.1	-3	2.83	321	D
LabradorRetriever18	22	8	4	41.25	41.66	-1.5	0.58	324	D
AmericanWaterSpaniel03_29580	52	5	1	65.8	51.78	-2	0	327	D
Wolf73	50	12	3	27.83	40.54	-2	0.0	328	W
GL01.02	40	8	3	42.12	47.91	-1.67	0.58	332	D
CockerSpanielEnglish08_13589	44	9	0	37.11	34.39	0	0	334	D
BouvierdesFlandres07_22254	42	9	1	37.78	43.88	-5	0	335	D
CaneCorso03	22	7	0	48.14	44.76	0	0	337	D
TibetanSpaniel02	66	8	0	42.5	43.38	0	0	340	D
RhodesianRidgeback07_33172	24	7	0	49.14	46.56	0	0	344	D
Rottweiler06	58	7	2	49.43	44.05	-1	0.0	344	D
MixedBreed09_27941	32	5	2	69.8	44.81	-1.5	0.71	346	D
ToyFoxTerrier03_8973	38	9	3	39.33	41.92	-1.33	0.58	350	D
DogueDeBordeaux01_25487	30	8	2	44.25	46.55	-1	0.0	352	D
BerneseMountainDog20_21874	54	7	1	50.71	49.51	-2	0	353	D
PitBullTerrier01	54	7	0	51	49.97	0	0	357	D
MiniaturePoodle03_27597	50	6	2	60	50.68	-1	0.0	358	D
CockerSpanielAmerican07_12451	22	8	0	48.12	35.94	0	0	385	D
PharaohHound01_27778	18	8	5	49.62	43.34	-1.6	0.55	389	D
BelgianTervuren13_BT1241	52	7	2	56.29	35.89	-1	0.0	392	D
IbizanHound04_1230	22	7	4	57.86	48.11	-1.25	0.5	400	D
NorwegianElkhound02_29785	52	7	2	58	34.08	-1	0.0	404	D
StandardSchnauzer02	22	7	0	58.86	40.17	0	0	412	D
KunmingDog10	40	11	0	37.64	36.27	0	0	414	D
PortugueseWaterDog08_29911	74	6	0	69	29.77	0	0	414	D
GoldenRetriever21	60	6	0	69.67	38.21	0	0	418	D
AmericanStaffordshireTerrier01	52	8	2	53.25	37.71	-1	0.0	424	D
BelgianMalinois18	32	7	2	64.57	41.2	-1	0.0	450	D
BorderCollie22_34073	48	10	0	46.4	32.11	0	0	464	D
Wolf_WO003_636	74	6	0	77.33	24.63	0	0	464	W
ParsonsRussellTerrier01	26	9	2	52.33	45.15	-1	0.0	469	D
AustralianCattleDog04	72	8	0	59	41.1	0	0	472	D
FlatCoatedRetriever08_28072	30	9	4	52.89	43.27	-1	0.0	472	D
