VillDog_Lebanon02	34	160	4	0	0	0.0	0.0	0.0	0.0	0
PatagonianOvejeroDog04_34830	26	164	6	2	0	6	0.0	0.0	0.0	12
Wolf49	40	147	7	4	0	19.5	9.81	0.0	0.0	78
AmericanWaterSpaniel01_987	78	120	0	0	0	0.0	0.0	0.0	0.0	0
WolfTibetan05	26	162	9	1	0	6	0.0	0.0	0.0	6
Chinook05_33256	28	162	7	1	0	7	0.0	0.0	0.0	7
SpanishWaterDog01	34	161	3	0	0	0.0	0.0	0.0	0.0	0
YorkshireTerrier18	44	152	2	0	0	0.0	0.0	0.0	0.0	0
LagottoRomagnolo01	64	133	0	1	0	6	0.0	0.0	0.0	6
EntlebucherSennenhund11_12859	54	140	2	2	0	6	0.0	0.0	0.0	12
CretanTracer02	26	167	4	1	0	6	0.0	0.0	0.0	6
CockerSpanielEnglish03	46	147	2	3	0	7.67	2.89	0.0	0.0	23
StandardSchnauzer06	80	118	0	0	0	0.0	0.0	0.0	0.0	0
GL10.19	104	92	2	0	0	0.0	0.0	0.0	0.0	0
VillDog_China49	28	162	8	0	0	0.0	0.0	0.0	0.0	0
GL15.52	154	44	0	0	0	0.0	0.0	0.0	0.0	0
VillDog_China17	40	153	5	0	0	0.0	0.0	0.0	0.0	0
TibetanSpaniel13_31251	76	118	2	2	0	37	0.0	0.0	0.0	74
SpinoneItaliano03_30560	38	156	3	1	0	45	0.0	0.0	0.0	45
CatahoulaLeopardDog11	74	122	0	2	0	54	0.0	0.0	0.0	108
PortugueseWaterDog01_4528	32	161	3	2	0	102	0.0	0.0	0.0	204
Otterhound02_26412	46	146	3	3	0	19.67	21.94	0.0	0.0	59
VillDog_Vietnam04	82	114	0	2	0	39	0.0	0.0	0.0	78
AiredaleTerrier05	28	168	2	0	0	0.0	0.0	0.0	0.0	0
PetitBassetGriffonVendeen02_9402	28	165	3	2	0	7	0.0	0.0	0.0	14
BiewerTerrier01_33805	54	139	3	2	0	45	0.0	0.0	0.0	90
ChineseSharpei03_11443	46	148	4	0	0	0.0	0.0	0.0	0.0	0
GermanShepherd06	46	150	2	0	0	0.0	0.0	0.0	0.0	0
EnglishSpringerSpaniel05_4239	54	138	4	2	0	45	0.0	0.0	0.0	90
GL07.05	94	104	0	0	0	0.0	0.0	0.0	0.0	0
BelgianMalinois15	34	158	4	2	0	6	0.0	0.0	0.0	12
YorkshireTerrier67	56	138	2	2	0	39	0.0	0.0	0.0	78
BelgianMalinois02	34	157	3	4	0	17	11.55	0.0	0.0	68
ShibaInu02	44	152	0	2	0	45	0.0	0.0	0.0	90
SealyhamTerrier06_33398	42	148	4	4	0	22.25	18.19	0.0	0.0	89
Schipperke02_33150	6	183	7	2	0	6	0.0	0.0	0.0	12
GL11.06	190	8	0	0	0	0.0	0.0	0.0	0.0	0
AiredaleTerrier02	48	148	2	0	0	0.0	0.0	0.0	0.0	0
ShetlandSheepdog02	26	163	8	1	0	31	0.0	0.0	0.0	31
MiniatureSchnauzer05	58	136	4	0	0	0.0	0.0	0.0	0.0	0
KunmingDog15	44	149	3	2	0	107	0.0	0.0	0.0	214
LabradorRetriever14	32	156	8	2	0	82	0.0	0.0	0.0	164
VillDog_China14	34	154	6	4	0	14	9.24	0.0	0.0	56
VillDog_India02	82	115	1	0	0	0.0	0.0	0.0	0.0	0
Wolf78	54	132	8	4	0	19.5	9.81	0.0	0.0	78
BelgianTervuren12_BT1032	60	133	1	4	0	57.5	4.04	0.0	0.0	230
SmoothFoxTerrier03_30235	32	157	7	2	0	59	0.0	0.0	0.0	118
EnglishSetter05_26982	76	121	1	0	0	0.0	0.0	0.0	0.0	0
UnknownBreed04	38	154	6	0	0	0.0	0.0	0.0	0.0	0
BrusselsGriffon02_6692	26	165	7	0	0	0.0	0.0	0.0	0.0	0
Sloughi02	44	148	4	2	0	7	0.0	0.0	0.0	14
EntlebucherSennenhund03	54	137	4	3	0	9	3.46	0.0	0.0	27
WestHighlandWhiteTerr04	46	146	4	2	0	7	0.0	0.0	0.0	14
GermanShorthairedPointer02_30645	6	184	8	0	0	0.0	0.0	0.0	0.0	0
AfricanGoldenWolf06	80	112	5	1	0	7	0.0	0.0	0.0	7
GoldenRetriever11	26	166	2	4	0	9.25	3.77	0.0	0.0	37
ClumberSpaniel01	36	157	4	1	0	6	0.0	0.0	0.0	6
VillDog_China45	24	170	4	0	0	0.0	0.0	0.0	0.0	0
GL01.17	40	154	4	0	0	0.0	0.0	0.0	0.0	0
GL14.12	28	164	6	0	0	0.0	0.0	0.0	0.0	0
YorkshireTerrier17	46	149	3	0	0	0.0	0.0	0.0	0.0	0
AmericanEskimoDog01_10800	54	141	3	0	0	0.0	0.0	0.0	0.0	0
BullTerrier09	20	172	3	3	0	85.67	40.41	0.0	0.0	257
TibetanSpaniel05	48	146	2	2	0	72	0.0	0.0	0.0	144
GermanShepherd14	40	155	3	0	0	0.0	0.0	0.0	0.0	0
AlaskanHusky02	46	144	6	2	0	9.5	4.95	0.0	0.0	19
Greyhound07	50	147	1	0	0	0.0	0.0	0.0	0.0	0
Dachshund01	20	172	4	2	0	14	4.24	0.0	0.0	28
PatagonianOvejeroDog01_33712	34	157	6	1	0	6	0.0	0.0	0.0	6
StdManchesterTerrier04_33492	76	114	3	4	1	57.5	51.38	-22	0.0	208
UnknownBreed19	52	144	2	0	0	0.0	0.0	0.0	0.0	0
GermanShepherd17_13170	42	150	4	2	0	38	0.0	0.0	0.0	76
ChowChow03	38	155	5	0	0	0.0	0.0	0.0	0.0	0
BrittanySpaniel01	50	146	2	0	0	0.0	0.0	0.0	0.0	0
IrishWaterSpaniel04_30856	44	148	2	4	0	32.5	30.6	0.0	0.0	130
AfghanHound04	60	130	3	5	0	19.8	9.39	0.0	0.0	99
SealyhamTerrier02_33235	38	150	7	3	0	15	11.53	0.0	0.0	45
CockerSpanielEnglish09_28381	48	145	2	3	0	18	19.92	0.0	0.0	54
TibetanMastiff06	58	137	1	2	0	24	0.0	0.0	0.0	48
BelgianMalinois06	44	146	4	4	0	33	30.02	0.0	0.0	132
CairnTerrier08	28	168	2	0	0	0.0	0.0	0.0	0.0	0
FlatCoatedRetriever05_23470	26	166	6	0	0	0.0	0.0	0.0	0.0	0
Collie03_29554	22	169	3	4	0	62.75	64.95	0.0	0.0	251
ChowChow06_30105	48	141	7	2	0	45	0.0	0.0	0.0	90
AmericanStaffordshireTerrier03_29583	58	133	5	2	0	45	0.0	0.0	0.0	90
VillDog_China02	30	164	4	0	0	0.0	0.0	0.0	0.0	0
BedlingtonTerrier05_31124	38	152	6	2	0	45	0.0	0.0	0.0	90
Dachshund05	62	136	0	0	0	0.0	0.0	0.0	0.0	0
WestHighlandWhiteTerr26	198	0	0	0	0	0.0	0.0	0.0	0.0	0
Dingo24	26	169	3	0	0	0.0	0.0	0.0	0.0	0
BorderCollie15	50	141	3	4	0	21.5	2.89	0.0	0.0	86
ChineseCrested05	50	146	1	1	0	36	0.0	0.0	0.0	36
Wolf92	56	132	6	4	0	29	18.48	0.0	0.0	116
JackRussellTerrier09	34	161	2	1	0	64	0.0	0.0	0.0	64
BerneseMountainDog18_969	54	142	0	2	0	52	0.0	0.0	0.0	104
BedlingtonTerrier04_28914	34	159	5	0	0	0.0	0.0	0.0	0.0	0
ShetlandSheepdog09_20265	26	163	9	0	0	0.0	0.0	0.0	0.0	0
Wolf102	78	118	0	2	0	27	0.0	0.0	0.0	54
BullTerrier21_23659	12	177	5	4	0	51	50.81	0.0	0.0	204
CockerSpanielEnglish01	26	162	7	3	0	13	12.12	0.0	0.0	39
Leonberger23_20044	26	165	5	2	0	6	0.0	0.0	0.0	12
BerneseMountainDog03_941	38	157	3	0	0	0.0	0.0	0.0	0.0	0
Dachshund16	48	145	5	0	0	0.0	0.0	0.0	0.0	0
WestHighlandWhiteTerr11	10	177	10	0	1	0.0	0.0	-41	0.0	-41
VillDog_China29	50	144	4	0	0	0.0	0.0	0.0	0.0	0
BullTerrier25_23678	50	145	3	0	0	0.0	0.0	0.0	0.0	0
BelgianMalinois22	50	142	2	4	0	66.75	61.49	0.0	0.0	267
BeardedCollie07	78	114	4	2	0	27	0.0	0.0	0.0	54
YorkshireTerrier51	38	155	3	2	0	35	0.0	0.0	0.0	70
ChineseIndigenousDog11	28	166	3	1	0	6	0.0	0.0	0.0	6
Weimaraner02_15384	28	162	7	1	0	39	0.0	0.0	0.0	39
WelshSpringerSpaniel01_27011	42	150	5	1	0	39	0.0	0.0	0.0	39
Beauceron02_31956	46	148	3	1	0	6	0.0	0.0	0.0	6
UnknownBreed25	58	136	4	0	0	0.0	0.0	0.0	0.0	0
Greyhound08	58	137	3	0	0	0.0	0.0	0.0	0.0	0
YorkshireTerrier66	28	165	5	0	0	0.0	0.0	0.0	0.0	0
CairnTerrier02	42	153	2	1	0	31	0.0	0.0	0.0	31
UnknownBreed15	34	161	1	2	0	31	0.0	0.0	0.0	62
VillDog_China33	48	142	6	2	0	31	0.0	0.0	0.0	62
IrishWaterSpaniel01_28373	44	148	2	4	0	30.5	28.29	0.0	0.0	122
BouvierDesFlandres05_20143	26	166	3	3	0	23	27.71	0.0	0.0	69
BullTerrier27_23702	12	178	7	1	0	7	0.0	0.0	0.0	7
GreekTracer03	54	138	3	3	0	38	27.71	0.0	0.0	114
AustralianShepherd01_27104	54	138	3	3	0	17	19.05	0.0	0.0	51
YorkshireTerrier30	48	147	2	1	0	33	0.0	0.0	0.0	33
Kuvasz03_7525	46	148	3	1	0	6	0.0	0.0	0.0	6
Briard01_15126	6	181	10	1	0	35	0.0	0.0	0.0	35
AmericanEskimoDog05_10805	58	137	3	0	0	0.0	0.0	0.0	0.0	0
Chinook10_33386	28	164	6	0	0	0.0	0.0	0.0	0.0	0
EnglishSetter04_15386	50	143	2	3	0	25.33	33.49	0.0	0.0	76
EntlebucherSennenhund01	56	138	4	0	0	0.0	0.0	0.0	0.0	0
EntlebucherSennenhund04	44	148	4	2	0	12	0.0	0.0	0.0	24
BerneseMountainDog04_1003	58	138	0	2	0	24	0.0	0.0	0.0	48
ToyFoxTerrier02_8969	26	166	6	0	0	0.0	0.0	0.0	0.0	0
Sloughi04	56	140	1	1	0	13	0.0	0.0	0.0	13
Dingo04_35295	26	163	9	0	0	0.0	0.0	0.0	0.0	0
BelgianMalinois12	42	149	5	2	0	45	0.0	0.0	0.0	90
WirehairedPointingGriffon01_27154	46	144	3	5	0	9	3.24	0.0	0.0	45
Wolf80	38	155	5	0	0	0.0	0.0	0.0	0.0	0
CockerSpanielAmerican08_12452	36	161	1	0	0	0.0	0.0	0.0	0.0	0
BerneseMountainDog17_20139	58	135	3	2	0	45	0.0	0.0	0.0	90
BostonTerrier03	24	164	7	3	0	95	43.3	0.0	0.0	285
CaucasianOvcharka02_7997	26	162	7	3	0	54.67	0.58	0.0	0.0	164
Wolf93	60	133	5	0	0	0.0	0.0	0.0	0.0	0
YorkshireTerrier54	46	149	3	0	0	0.0	0.0	0.0	0.0	0
Wolf66	60	134	3	0	1	0.0	0.0	-22	0.0	-22
VillDog_Qatar02	92	106	0	0	0	0.0	0.0	0.0	0.0	0
YorkshireTerrier25	28	167	1	2	0	7	0.0	0.0	0.0	14
Vizsla02_27015	26	163	7	2	0	6	0.0	0.0	0.0	12
DogueDeBordeaux01_25487	30	158	4	6	0	58.33	45.62	0.0	0.0	350
Wolf74	60	131	7	0	0	0.0	0.0	0.0	0.0	0
Wolf83	34	160	4	0	0	0.0	0.0	0.0	0.0	0
BelgianTervuren16_BT1300	54	140	4	0	0	0.0	0.0	0.0	0.0	0
Wolf101	78	118	0	2	0	24	0.0	0.0	0.0	48
YorkshireTerrier57	22	171	5	0	0	0.0	0.0	0.0	0.0	0
TibetanMastiff03	76	121	1	0	0	0.0	0.0	0.0	0.0	0
VillDog_China15	44	152	2	0	0	0.0	0.0	0.0	0.0	0
YorkshireTerrier47	58	138	2	0	0	0.0	0.0	0.0	0.0	0
Leonberger01	58	137	2	1	0	11	0.0	0.0	0.0	11
BrittanySpaniel02_33265	24	167	4	3	0	82.33	65.24	0.0	0.0	247
WirehairedPointingGriffon02_27155	46	146	4	2	0	9.5	4.95	0.0	0.0	19
BlackRussianTerrier01	56	139	3	0	0	0.0	0.0	0.0	0.0	0
NorfolkTerrier01_4675	46	147	3	2	0	7	0.0	0.0	0.0	14
SmallMunsterlander02_31614	44	148	3	3	0	41.33	30.6	0.0	0.0	124
Jamthund01	24	164	5	5	0	25.2	16.63	0.0	0.0	126
GL05.05	72	120	6	0	0	0.0	0.0	0.0	0.0	0
Wolf50	198	0	0	0	0	0.0	0.0	0.0	0.0	0
SealyhamTerrier03_33281	46	145	3	4	0	55	55.43	0.0	0.0	220
PortugueseWaterDog07_30187	38	154	4	2	0	103	0.0	0.0	0.0	206
YorkshireTerrier59	56	137	5	0	0	0.0	0.0	0.0	0.0	0
CarolinaDog04_31707	6	183	8	1	0	6	0.0	0.0	0.0	6
JackRussellTerrier02	24	168	6	0	0	0.0	0.0	0.0	0.0	0
VillDog_China12	44	151	1	2	0	38	0.0	0.0	0.0	76
UnknownBreed03	70	125	0	3	0	13	0.0	0.0	0.0	39
Maltese11	42	151	3	2	0	59	0.0	0.0	0.0	118
GreatDane04	68	128	0	2	0	54	0.0	0.0	0.0	108
NorwegianBuhund01_25380	32	161	5	0	0	0.0	0.0	0.0	0.0	0
Pointer07_24730	46	145	5	2	0	6	0.0	0.0	0.0	12
WestHighlandWhiteTerr27	198	0	0	0	0	0.0	0.0	0.0	0.0	0
ShetlandSheepdog05_16126	26	164	8	0	0	0.0	0.0	0.0	0.0	0
CockerSpanielAmerican01_11414	42	152	1	3	0	13	12.12	0.0	0.0	39
Dingo21_35312	24	163	8	3	0	87.67	36.95	0.0	0.0	263
Leonberger12	28	168	2	0	0	0.0	0.0	0.0	0.0	0
ScottishTerrier08_20082	50	140	4	4	0	63	4.62	0.0	0.0	252
AustralianTerrier03_8663	46	149	1	2	0	6	0.0	0.0	0.0	12
BoykinSpaniel01_9997	28	162	4	4	0	45.75	9.6	0.0	0.0	183
BerneseMountainDog20_21874	54	136	2	6	0	59	48.63	0.0	0.0	354
Greyhound01	48	147	3	0	0	0.0	0.0	0.0	0.0	0
BullMastiff02_1125	26	165	6	1	0	6	0.0	0.0	0.0	6
ChineseIndigenousDog06	48	145	2	3	0	22.67	14.43	0.0	0.0	68
ScottishTerrier06_8403	46	142	10	0	0	0.0	0.0	0.0	0.0	0
LapponianHerder01	64	128	2	4	0	33	6.93	0.0	0.0	132
BouvierdesFlandres06_15380	44	145	5	4	0	63.5	65.24	0.0	0.0	254
PortugueseWaterDog02_30033	34	158	4	2	0	19.5	12.02	0.0	0.0	39
Newfoundland01	34	156	5	3	0	36.67	26.56	0.0	0.0	110
StandardPoodle03	56	138	2	2	0	35	0.0	0.0	0.0	70
Doberman04	38	156	3	1	0	27	0.0	0.0	0.0	27
IbizanHound06_1316	44	148	3	3	0	27.33	18.48	0.0	0.0	82
GermanShepherd11	34	158	5	1	0	24	0.0	0.0	0.0	24
BrusselsGriffon05_31228	46	147	5	0	0	0.0	0.0	0.0	0.0	0
RhodesianRidgeback08	74	122	0	2	0	59	0.0	0.0	0.0	118
MountainCur02_33066	14	181	3	0	0	0.0	0.0	0.0	0.0	0
StaffordshireBullTerrier01_27211	70	128	0	0	0	0.0	0.0	0.0	0.0	0
ScottishDeerhound03_31238	12	178	6	2	0	120	0.0	0.0	0.0	240
FlatCoatedRetriever13	76	118	0	4	0	49.5	5.2	0.0	0.0	198
Pumi03_29697	24	167	5	2	0	6	0.0	0.0	0.0	12
CatahoulaLeopardDog05_33321	18	174	3	3	0	13.67	11.55	0.0	0.0	41
Wolf63	56	137	1	4	0	16	3.46	0.0	0.0	64
Collie02_28861	52	143	3	0	0	0.0	0.0	0.0	0.0	0
IbizanHound01_1171	24	168	4	2	0	52	0.0	0.0	0.0	104
IstrianShorthairedHound01	38	158	2	0	0	0.0	0.0	0.0	0.0	0
VillDog_China11	26	166	4	2	0	12.5	9.19	0.0	0.0	25
VillDog_Vietnam05	50	148	0	0	0	0.0	0.0	0.0	0.0	0
EthiopianWolf01	74	115	5	4	0	9.5	4.04	0.0	0.0	38
SideStripedJackal01	98	87	11	2	0	22	0.0	0.0	0.0	44
BelgianTervuren10_22774	52	137	5	4	0	19.5	9.81	0.0	0.0	78
DutchShepherd01	198	0	0	0	0	0.0	0.0	0.0	0.0	0
BoykinSpaniel05_10012	6	185	7	0	0	0.0	0.0	0.0	0.0	0
GordonSetter02	24	168	2	4	0	63	65.82	0.0	0.0	252
Wolf76	60	132	6	0	0	0.0	0.0	0.0	0.0	0
Havanese06	74	120	2	2	0	39	0.0	0.0	0.0	78
LabradorRetriever20	24	167	7	0	0	0.0	0.0	0.0	0.0	0
SussexSpaniel05_5896	46	149	3	0	0	0.0	0.0	0.0	0.0	0
EnglishBulldog01	198	0	0	0	0	0.0	0.0	0.0	0.0	0
JackRussellTerrier04	34	155	7	2	0	10	0.0	0.0	0.0	20
511	198	0	0	0	0	0.0	0.0	0.0	0.0	0
GermanShepherd01	64	132	2	0	0	0.0	0.0	0.0	0.0	0
ChineseIndigenousDog13	46	148	4	0	0	0.0	0.0	0.0	0.0	0
GreaterSwissMountainDog01_Reseq_25402	62	136	0	0	0	0.0	0.0	0.0	0.0	0
IcelandicSheepdog02_30709	56	139	3	0	0	0.0	0.0	0.0	0.0	0
CotonDeTulear03_33882	24	169	3	2	0	120	0.0	0.0	0.0	240
KunmingDog11	30	160	2	6	0	30.33	26.79	0.0	0.0	182
BullTerrier42_34622	4	183	7	4	0	70	49.11	0.0	0.0	280
Greyhound06	46	150	2	0	0	0.0	0.0	0.0	0.0	0
CaneCorso02_27352	60	137	1	0	0	0.0	0.0	0.0	0.0	0
MountainCur04_33312	48	145	4	1	0	45	0.0	0.0	0.0	45
NovaScotiaDuckTollingRetriever02_13604	6	184	5	3	0	22.33	28.29	0.0	0.0	67
BerneseMountainDog19_11957	56	142	0	0	0	0.0	0.0	0.0	0.0	0
Wolf65	66	127	3	2	0	24	0.0	0.0	0.0	48
GL15.61	88	107	1	2	0	39	0.0	0.0	0.0	78
BelgianSheepdog07_24604	52	137	5	4	0	14	3.46	0.0	0.0	56
BullTerrier24_23676	8	181	7	2	0	31	33.94	0.0	0.0	62
TibetanSpaniel02	66	124	2	6	0	56.33	41.42	0.0	0.0	338
WestHighlandWhiteTerr05	8	186	4	0	0	0.0	0.0	0.0	0.0	0
Havanese02	48	146	4	0	0	0.0	0.0	0.0	0.0	0
Wolf85	36	155	7	0	0	0.0	0.0	0.0	0.0	0
IrishTerrier01	38	156	3	1	0	6	0.0	0.0	0.0	6
StandardSchnauzer05	76	120	0	2	0	67	0.0	0.0	0.0	134
WelshTerrier01	24	168	4	2	0	103	0.0	0.0	0.0	206
ChowChow04	28	158	9	3	0	17	3.46	0.0	0.0	51
Keeshond01_29779	62	131	3	2	0	39	0.0	0.0	0.0	78
BelgianMalinois09	48	146	2	2	0	7	0.0	0.0	0.0	14
VillDog_China16	48	146	4	0	0	0.0	0.0	0.0	0.0	0
FonniDog01_29859	34	160	4	0	0	0.0	0.0	0.0	0.0	0
Leonberger07	78	118	0	2	0	24	0.0	0.0	0.0	48
ToyFoxTerrier03_8973	38	148	4	8	0	44	42.24	0.0	0.0	352
PeruvianVillageDog03	44	145	7	2	0	59	0.0	0.0	0.0	118
VillDog_China46	44	149	5	0	0	0.0	0.0	0.0	0.0	0
UnknownBreed07	82	116	0	0	0	0.0	0.0	0.0	0.0	0
KunmingDog21	28	160	6	4	0	47.75	9.14	0.0	0.0	191
Leonberger04	40	154	3	1	0	36	0.0	0.0	0.0	36
AlaskanMalamute01_Reseq_30099	46	148	4	0	0	0.0	0.0	0.0	0.0	0
BelgianMalinois07_25490	50	146	2	0	0	0.0	0.0	0.0	0.0	0
FieldSpaniel02_27364	42	152	2	2	0	6.5	0.71	0.0	0.0	13
LabradorRetriever08	50	146	2	0	0	0.0	0.0	0.0	0.0	0
YorkshireTerrier75	54	137	3	4	0	36.5	1.73	0.0	0.0	146
CairnTerrier14	36	160	2	0	0	0.0	0.0	0.0	0.0	0
BergerBlancSuisse01	30	162	6	0	0	0.0	0.0	0.0	0.0	0
GL01.23	52	143	3	0	0	0.0	0.0	0.0	0.0	0
BelgianSheepdog06_24605	40	151	5	2	0	39	0.0	0.0	0.0	78
MIX_AmericanCocker_Beagle03	56	138	4	0	0	0.0	0.0	0.0	0.0	0
IndigenousDogVietnam02	40	152	4	2	0	21.5	16.26	0.0	0.0	43
Chihuahua01_13131	46	148	4	0	0	0.0	0.0	0.0	0.0	0
MiniatureSchnauzer11	176	22	0	0	0	0.0	0.0	0.0	0.0	0
GL07.36	48	145	4	1	0	6	0.0	0.0	0.0	6
AustralianShepherd02_30713	24	164	7	3	0	81.67	64.66	0.0	0.0	245
AfricanWildDog02	72	106	14	6	0	33	31.61	0.0	0.0	198
CatahoulaLeopardDog04_33152	46	148	4	0	0	0.0	0.0	0.0	0.0	0
GoldenRetriever19	30	163	2	3	0	41.33	30.6	0.0	0.0	124
Wolf97	62	131	5	0	0	0.0	0.0	0.0	0.0	0
Wolf71	60	134	4	0	0	0.0	0.0	0.0	0.0	0
Dachshund12	24	164	6	4	0	30	27.71	0.0	0.0	120
ShetlandSheepdog16	10	180	6	2	0	34	35.36	0.0	0.0	68
BouvierDesFlandres02_30531	36	155	4	3	0	49.67	4.04	0.0	0.0	149
BichonFrise04_13198	42	147	2	7	0	39.29	23.01	0.0	0.0	275
SmoothFoxTerrier04_30263	10	181	6	1	0	6	0.0	0.0	0.0	6
RhodesianRidgeback07_33172	24	167	3	4	0	83	27.71	0.0	0.0	332
LagottoRomagnolo05	50	145	3	0	0	0.0	0.0	0.0	0.0	0
BelgianSheepdog05_15643	48	146	1	3	0	29.67	14.43	0.0	0.0	89
GermanShepherd09	26	167	5	0	0	0.0	0.0	0.0	0.0	0
CairnTerrier12	34	161	3	0	0	0.0	0.0	0.0	0.0	0
Boxer03_27749	12	183	3	0	0	0.0	0.0	0.0	0.0	0
SussexSpaniel06_5905	44	151	3	0	0	0.0	0.0	0.0	0.0	0
BullTerrier26_23700	4	185	6	3	0	73.67	57.74	0.0	0.0	221
ChineseIndigenousDog02	28	167	3	0	0	0.0	0.0	0.0	0.0	0
ScottishDeerhound06_34132	26	167	5	0	0	0.0	0.0	0.0	0.0	0
GreatDane02	80	118	0	0	0	0.0	0.0	0.0	0.0	0
GoldenRetriever16	50	147	1	0	0	0.0	0.0	0.0	0.0	0
Leonberger22_20043	72	122	0	4	0	57	2.31	0.0	0.0	228
GoldenRetriever03	14	175	3	6	0	15.17	8.33	0.0	0.0	91
EnglishSetter07	74	120	0	4	0	74	40.41	0.0	0.0	296
JapaneseChin03_24956	44	147	4	3	0	41.33	30.6	0.0	0.0	124
Eurasier01	32	162	2	2	0	19.5	12.02	0.0	0.0	39
KunmingDog03	46	148	4	0	0	0.0	0.0	0.0	0.0	0
StandardPoodle02	40	155	1	2	0	39	0.0	0.0	0.0	78
PortugueseWaterDog05_29934	74	118	2	4	0	43.5	12.12	0.0	0.0	174
MiniatureSchnauzer04_21475	54	138	4	2	0	59	0.0	0.0	0.0	118
BullTerrier16_23634	6	184	7	1	0	7	0.0	0.0	0.0	7
ShetlandSheepdog03	66	130	2	0	0	0.0	0.0	0.0	0.0	0
Basenji04	24	166	6	2	0	6	0.0	0.0	0.0	12
Wolf45	198	0	0	0	0	0.0	0.0	0.0	0.0	0
BergerPicard04	44	148	4	2	0	7	0.0	0.0	0.0	14
WestHighlandWhiteTerr10	46	147	3	2	0	7	0.0	0.0	0.0	14
BorderCollie14	76	120	0	2	0	24	0.0	0.0	0.0	48
NorwegianLundehund04_31115	44	148	3	3	0	20	12.12	0.0	0.0	60
LabradorRetriever16	26	166	3	3	0	17	19.05	0.0	0.0	51
IbizanHound07_21535	78	114	4	2	0	64	0.0	0.0	0.0	128
EnglishSpringerSpaniel01	26	167	5	0	0	0.0	0.0	0.0	0.0	0
Wolf33	78	115	4	0	1	0.0	0.0	-22	0.0	-22
GiantSchnauzer04_26265	34	156	3	5	0	56.4	57.39	0.0	0.0	282
TibetanMastiff07	66	132	0	0	0	0.0	0.0	0.0	0.0	0
CretanTracer05	60	130	6	2	0	41	0.0	0.0	0.0	82
MiniatureSchnauzer06	38	157	2	1	0	24	0.0	0.0	0.0	24
Wolf90	34	156	7	1	0	64	0.0	0.0	0.0	64
BorderCollie29	46	145	3	4	0	32.5	30.6	0.0	0.0	130
YorkshireTerrier76_14941	30	164	4	0	0	0.0	0.0	0.0	0.0	0
BerneseMountainDog10_4687	60	138	0	0	0	0.0	0.0	0.0	0.0	0
YorkshireTerrier49	64	130	4	0	0	0.0	0.0	0.0	0.0	0
GermanShorthairedPointer01_30644	34	161	1	2	0	7	0.0	0.0	0.0	14
FlatCoatedRetriever02_24743	56	137	3	2	0	35	0.0	0.0	0.0	70
ScottishDeerhound02_31237	42	148	4	4	0	57	2.31	0.0	0.0	228
GoldenRetriever28	48	144	2	4	0	20.5	13.28	0.0	0.0	82
VillDog_Egypt01	34	163	1	0	0	0.0	0.0	0.0	0.0	0
Keeshond03_35078	78	118	0	2	0	45	0.0	0.0	0.0	90
ChesapeakeBayRetriever02_7292	46	147	3	2	0	6	0.0	0.0	0.0	12
Chinook09_33362	28	162	8	0	0	0.0	0.0	0.0	0.0	0
AfghanHound01	26	167	3	2	0	7	0.0	0.0	0.0	14
Wolf_WO003_636	74	118	0	6	0	77.33	24.63	0.0	0.0	464
GoldenRetriever29	78	120	0	0	0	0.0	0.0	0.0	0.0	0
KunmingDog08	34	158	5	1	0	6	0.0	0.0	0.0	6
CockerSpanielEnglish02	48	149	1	0	0	0.0	0.0	0.0	0.0	0
GoldenRetriever06	28	167	1	2	0	27	0.0	0.0	0.0	54
ChineseIndigenousDog04	62	135	1	0	0	0.0	0.0	0.0	0.0	0
MiniatureSchnauzer01	50	144	4	0	0	0.0	0.0	0.0	0.0	0
EastSiberianLaika01	64	131	3	0	0	0.0	0.0	0.0	0.0	0
LhasaApso02_20104	64	124	4	6	0	18.33	7.23	0.0	0.0	110
BrusselsGriffon03_15571	26	165	7	0	0	0.0	0.0	0.0	0.0	0
Rottweiler06	58	131	2	7	0	49.43	44.05	0.0	0.0	346
GermanShepherd10	48	147	3	0	0	0.0	0.0	0.0	0.0	0
CotonDeTulear01_33217	42	151	2	3	0	65.33	51.38	0.0	0.0	196
MixedBreed09_27941	32	159	3	4	0	87	26.56	0.0	0.0	348
AustralianShepherd04_33489	52	140	4	2	0	55	0.0	0.0	0.0	110
Whippet02_27884	24	167	3	4	0	13.25	7.8	0.0	0.0	53
BeardedCollie01	78	114	4	2	0	24	0.0	0.0	0.0	48
Wolf24	56	133	7	2	0	35	0.0	0.0	0.0	70
GermanShepherd21_30925	26	166	6	0	0	0.0	0.0	0.0	0.0	0
KunmingDog18	44	149	2	3	0	41.33	30.6	0.0	0.0	124
Dingo25	30	164	4	0	0	0.0	0.0	0.0	0.0	0
VillDog_China34	198	0	0	0	0	0.0	0.0	0.0	0.0	0
Boxer01	26	168	3	1	0	35	0.0	0.0	0.0	35
VillDog_Portugal01	52	145	0	1	0	13	0.0	0.0	0.0	13
NorwichTerrier01	16	174	4	4	0	9.5	2.89	0.0	0.0	38
VillDog_Portugal02	68	126	2	2	0	6	0.0	0.0	0.0	12
Wolf88	34	159	5	0	0	0.0	0.0	0.0	0.0	0
VillDog_Australia01	14	179	5	0	0	0.0	0.0	0.0	0.0	0
ScottishDeerhound11_34155	34	156	4	4	0	29	18.48	0.0	0.0	116
AmericanHairlessTerrier01_1121	24	167	5	2	0	101	0.0	0.0	0.0	202
OldEnglishSheepdog03_6014	42	151	3	2	0	6	0.0	0.0	0.0	12
GermanShepherd07	54	141	3	0	0	0.0	0.0	0.0	0.0	0
Doberman05	30	157	8	3	0	21	13.0	0.0	0.0	63
SmoothFoxTerrier06_30262	24	168	3	3	0	70	55.43	0.0	0.0	210
VillDog_China32	20	176	2	0	0	0.0	0.0	0.0	0.0	0
BullTerrier22_23667	46	149	3	0	0	0.0	0.0	0.0	0.0	0
TosaInu02_25491	26	162	7	3	0	19	22.52	0.0	0.0	57
CurlyCoatedRetriever02	50	138	6	4	0	39.75	24.13	0.0	0.0	159
Dachshund11_8272	44	147	5	2	0	54	0.0	0.0	0.0	108
CardiganWelshCorgi02_33210	26	166	4	2	0	55	0.0	0.0	0.0	110
Dalmatian03_7305	50	140	5	3	0	60.67	2.89	0.0	0.0	182
Pointer06_20568	52	140	3	3	0	38.67	28.29	0.0	0.0	116
VillDog_Vietnam03	26	167	5	0	0	0.0	0.0	0.0	0.0	0
AlapahaBlueBloodBulldog01	6	185	4	3	0	73.33	58.31	0.0	0.0	220
BiewerTerrier04_31248	46	143	3	6	0	28	24.02	0.0	0.0	168
Wolf43	198	0	0	0	0	0.0	0.0	0.0	0.0	0
Wolf72	72	123	1	2	0	39	0.0	0.0	0.0	78
Dachshund03	50	142	3	3	0	6	0.0	0.0	0.0	18
BelgianTervuren13_BT1241	52	137	3	6	0	65.33	29.29	0.0	0.0	392
BavarianHound01	34	159	2	3	0	19	22.52	0.0	0.0	57
Wolf07	44	146	4	4	0	13.5	0.58	0.0	0.0	54
NorwichTerrier05_25012	50	146	1	1	0	35	0.0	0.0	0.0	35
GoldenRetriever18	40	152	4	2	0	6	0.0	0.0	0.0	12
BullTerrier29_23710	42	151	3	2	0	59	0.0	0.0	0.0	118
Dingo29	58	134	3	3	0	12	1.73	0.0	0.0	36
PatagonianOvejeroDog07_34834	46	144	5	3	0	19	22.52	0.0	0.0	57
GreaterSwissMountainDog03	36	152	8	2	0	6	0.0	0.0	0.0	12
MiniatureSchnauzer09	56	137	3	2	0	45	0.0	0.0	0.0	90
MauritianDog01	198	0	0	0	0	0.0	0.0	0.0	0.0	0
YorkshireTerrier41	48	149	1	0	0	0.0	0.0	0.0	0.0	0
BerneseMountainDog26_34297	52	142	0	4	0	52	8.08	0.0	0.0	208
BerneseMountainDog23_26606	38	157	2	1	0	6	0.0	0.0	0.0	6
TibetanSpaniel01	50	146	2	0	0	0.0	0.0	0.0	0.0	0
ShihTzu02_3192	22	166	6	4	0	75.25	33.39	0.0	0.0	301
Maltese14	80	115	1	2	0	45	0.0	0.0	0.0	90
BerneseMountainDog21_21878	56	138	0	4	0	29	18.48	0.0	0.0	116
IrishWaterSpaniel07	58	138	2	0	0	0.0	0.0	0.0	0.0	0
BullTerrier20_23658	6	184	6	2	0	7	0.0	0.0	0.0	14
FlatCoatedRetriever04_9023	56	140	2	0	0	0.0	0.0	0.0	0.0	0
VillDog_China41	44	151	3	0	0	0.0	0.0	0.0	0.0	0
BelgianTervuren05_28307	38	149	7	4	0	67	32.33	0.0	0.0	268
PortuguesePodengo01	38	155	3	2	0	33	0.0	0.0	0.0	66
Boxer02_21522	26	166	6	0	0	0.0	0.0	0.0	0.0	0
Wolf04	36	159	3	0	0	0.0	0.0	0.0	0.0	0
Doberman03	36	158	4	0	0	0.0	0.0	0.0	0.0	0
GoldenRetriever17	12	180	3	3	0	68	53.69	0.0	0.0	204
SpinoneItaliano01	72	122	2	2	0	64	0.0	0.0	0.0	128
TibetanTerrier01	56	138	0	4	0	35	4.62	0.0	0.0	140
CeskyTerrier02_Reseq_33431	26	165	7	0	0	0.0	0.0	0.0	0.0	0
CeskyTerrier02_33431	28	163	6	1	0	39	0.0	0.0	0.0	39
BedlingtonTerrier03_33606	32	155	5	6	0	28	15.21	0.0	0.0	168
Otterhound03_26413	50	142	4	2	0	19.5	12.02	0.0	0.0	39
Wolf23	82	114	2	0	0	0.0	0.0	0.0	0.0	0
YorkshireTerrier45	28	165	5	0	0	0.0	0.0	0.0	0.0	0
IrishWolfhound01_21534	6	186	5	1	0	37	0.0	0.0	0.0	37
SoftCoatedWheatenTerrier05_13025	76	122	0	0	0	0.0	0.0	0.0	0.0	0
WestHighlandWhiteTerr23	198	0	0	0	0	0.0	0.0	0.0	0.0	0
EnglishSpringerSpaniel09	36	154	5	3	0	8.33	4.04	0.0	0.0	25
Wolf108	26	164	7	1	0	6	0.0	0.0	0.0	6
BelgianMalinois04	48	146	2	2	0	59	0.0	0.0	0.0	118
SaintBernard03	26	166	3	3	0	51	5.2	0.0	0.0	153
ScottishTerrier10_28349	50	140	4	4	0	29	18.48	0.0	0.0	116
Pug04	90	108	0	0	0	0.0	0.0	0.0	0.0	0
Wolf29	46	144	6	2	0	39	0.0	0.0	0.0	78
Pumi01_Reseq_29689	26	164	5	3	0	6.67	0.58	0.0	0.0	20
BelgianMalinois10	30	158	6	4	0	57	57.74	0.0	0.0	228
BorderCollie09	76	122	0	0	0	0.0	0.0	0.0	0.0	0
SoftCoatedWheatenTerrier07_13027	78	118	0	2	0	59	0.0	0.0	0.0	118
Lowchen01	26	163	7	0	2	0.0	0.0	-50	12.73	-100
IrishTerrier04	6	181	8	3	0	19	22.52	0.0	0.0	57
Maltese01_27447	46	148	4	0	0	0.0	0.0	0.0	0.0	0
YorkshireTerrier74	38	158	2	0	0	0.0	0.0	0.0	0.0	0
Wolf86	40	153	5	0	0	0.0	0.0	0.0	0.0	0
NorwichTerrier03	44	149	3	2	0	31	0.0	0.0	0.0	62
AustralianCattleDog07_9994	20	172	5	1	0	6	0.0	0.0	0.0	6
MiniatureSchnauzer18_24692	56	136	4	2	0	38	0.0	0.0	0.0	76
GoldenRetriever15	4	186	2	6	0	46.17	56.67	0.0	0.0	277
StdManchesterTerrier02_33490	80	117	1	0	0	0.0	0.0	0.0	0.0	0
Pug05	30	160	8	0	0	0.0	0.0	0.0	0.0	0
AustralianShepherd05_33555	46	144	6	2	0	30.5	24.75	0.0	0.0	61
Leonberger10	26	166	4	2	0	6	0.0	0.0	0.0	12
BorderCollie11	66	129	2	1	0	24	0.0	0.0	0.0	24
Kromfohrlander01	44	148	4	2	0	31	0.0	0.0	0.0	62
QingchuanDog01	42	152	4	0	0	0.0	0.0	0.0	0.0	0
VillDog_China38	44	151	3	0	0	0.0	0.0	0.0	0.0	0
BorderCollie07	74	118	2	4	0	31.5	4.04	0.0	0.0	126
NewGuineaSingingDog03	32	164	2	0	0	0.0	0.0	0.0	0.0	0
ChongqingDog01	52	141	3	2	0	20	0.0	0.0	0.0	40
Collie01_13303	30	161	5	2	0	61	0.0	0.0	0.0	122
BelgianMalinois14	56	136	3	3	0	32	22.52	0.0	0.0	96
Coonhound01	30	165	1	2	0	25.5	2.12	0.0	0.0	51
PeruvianVillageDog06	60	135	2	1	0	31	0.0	0.0	0.0	31
Rottweiler01_21895	58	134	4	2	0	39	0.0	0.0	0.0	78
AmericanEskimoDog06_10809	44	148	5	1	0	28	0.0	0.0	0.0	28
EntlebucherSennenhund10_12842	50	141	2	5	0	62.8	45.08	0.0	0.0	314
Beagle05	24	166	4	4	0	29.5	25.98	0.0	0.0	118
GermanShepherd19_30892	46	148	4	0	0	0.0	0.0	0.0	0.0	0
PeruvianVillageDog04	54	142	2	0	0	0.0	0.0	0.0	0.0	0
ChineseIndigenousDog01	42	151	4	1	0	24	0.0	0.0	0.0	24
BelgianMalinois01	34	163	1	0	0	0.0	0.0	0.0	0.0	0
Rottweiler09	44	145	3	6	0	29.5	26.06	0.0	0.0	177
GiantSchnauzer03_21939	24	167	4	3	0	40.33	4.04	0.0	0.0	121
ScottishDeerhound10_34154	24	166	5	3	0	59.67	12.7	0.0	0.0	179
HighlandWildDog03_35837	56	133	7	2	0	37	0.0	0.0	0.0	74
Dachshund07_8249	24	163	7	4	0	30.5	28.29	0.0	0.0	122
VillDog_Africa01	26	166	4	2	0	19	0.0	0.0	0.0	38
GoldenRetriever27	76	120	2	0	0	0.0	0.0	0.0	0.0	0
BorderCollie21_34026	54	141	3	0	0	0.0	0.0	0.0	0.0	0
PatagonianOvejeroDog06_34833	30	161	2	5	0	31.6	26.58	0.0	0.0	158
JapaneseChin01_12777	44	148	3	3	0	38	27.71	0.0	0.0	114
PatagonianOvejeroDog03_34829	24	162	7	5	0	37	28.35	0.0	0.0	185
SiberianHusky02	48	142	5	2	1	31	0.0	-22	0.0	40
CairnTerrier01	40	154	3	1	0	24	0.0	0.0	0.0	24
Beagle01_16145	26	165	2	5	0	13.4	8.85	0.0	0.0	67
LagottoRomagnolo06	198	0	0	0	0	0.0	0.0	0.0	0.0	0
FieldSpaniel03_28377	62	134	2	0	0	0.0	0.0	0.0	0.0	0
FlatCoatedRetriever11_30651	60	135	3	0	0	0.0	0.0	0.0	0.0	0
AmericanWaterSpaniel02_988	34	157	5	2	0	13.5	0.71	0.0	0.0	27
YorkshireTerrier29	36	161	1	0	0	0.0	0.0	0.0	0.0	0
SussexSpaniel03_7643	46	148	4	0	0	0.0	0.0	0.0	0.0	0
WestHighlandWhiteTerr22	198	0	0	0	0	0.0	0.0	0.0	0.0	0
PitBullTerrier04	80	118	0	0	0	0.0	0.0	0.0	0.0	0
VillDog_China04	26	168	4	0	0	0.0	0.0	0.0	0.0	0
VillDog_Lebanon03	50	148	0	0	0	0.0	0.0	0.0	0.0	0
NorwegianElkhound05_31276	26	166	5	1	0	6	0.0	0.0	0.0	6
LhasaApso04	48	146	3	1	0	45	0.0	0.0	0.0	45
MiniatureSchnauzer15	56	136	3	3	0	30	1.73	0.0	0.0	90
LabradorRetriever04	32	162	4	0	0	0.0	0.0	0.0	0.0	0
YorkshireTerrier23	54	137	3	4	0	25.5	14.43	0.0	0.0	102
SealyhamTerrier04_33334	24	168	3	3	0	73.67	57.74	0.0	0.0	221
WelshTerrier03_22235	44	149	3	2	0	59	0.0	0.0	0.0	118
KerryBlueTerrier02	76	117	3	2	0	33	0.0	0.0	0.0	66
AfricanWildDog01	92	93	12	1	0	6	0.0	0.0	0.0	6
BullTerrier04_23664	20	170	4	4	0	55	55.43	0.0	0.0	220
GL07.04	66	128	4	0	0	0.0	0.0	0.0	0.0	0
GoldenRetriever13	26	171	1	0	0	0.0	0.0	0.0	0.0	0
YorkshireTerrier34	42	153	1	2	0	33.5	7.78	0.0	0.0	67
Wolf68	62	135	1	0	0	0.0	0.0	0.0	0.0	0
Bloodhound01_25394	24	163	9	2	0	37.5	2.12	0.0	0.0	75
GL07.35	58	136	4	0	0	0.0	0.0	0.0	0.0	0
WirehairedPointingGriffon03_27549	44	147	3	4	0	56.75	58.03	0.0	0.0	227
Xoloitzcuintli02_30509	44	149	3	2	0	59	0.0	0.0	0.0	118
NewGuineaSingingDog09_35129	20	170	6	2	0	119	0.0	0.0	0.0	238
LabradorRetriever13	36	157	3	2	0	20	0.0	0.0	0.0	40
BullMastiff03_26414	24	168	2	4	0	32.5	30.6	0.0	0.0	130
Wolf79	36	157	5	0	0	0.0	0.0	0.0	0.0	0
GL04.01	82	112	2	2	0	35	0.0	0.0	0.0	70
CockerSpanielAmerican02	46	150	2	0	0	0.0	0.0	0.0	0.0	0
WestHighlandWhiteTerr28	198	0	0	0	0	0.0	0.0	0.0	0.0	0
GoldenRetriever20	60	138	0	0	0	0.0	0.0	0.0	0.0	0
BiewerTerrier06_31256	22	175	1	0	0	0.0	0.0	0.0	0.0	0
ShibaInu03_15049	24	166	6	2	0	20.5	20.51	0.0	0.0	41
MiniatureSchnauzer12	56	137	3	2	0	35	0.0	0.0	0.0	70
MiniatureSchnauzer14	52	137	5	4	0	32	5.77	0.0	0.0	128
BerneseMountainDog13_7507	66	128	4	0	0	0.0	0.0	0.0	0.0	0
StandardSchnauzer03	44	150	2	2	0	59	0.0	0.0	0.0	118
Papillon01_22902	40	150	3	5	0	35.2	26.82	0.0	0.0	176
GL15.44	76	118	2	2	0	45	0.0	0.0	0.0	90
AfghanHound03	60	138	0	0	0	0.0	0.0	0.0	0.0	0
BouvierDesFlandres01_29776	42	146	4	6	0	54.33	42.94	0.0	0.0	326
GL07.34	46	146	6	0	0	0.0	0.0	0.0	0.0	0
ScottishTerrier09_20125	50	138	4	6	0	38.67	20.13	0.0	0.0	232
YorkshireTerrier12	50	141	3	4	0	27.5	4.04	0.0	0.0	110
BelgianMalinois24	36	153	6	3	0	56.67	43.88	0.0	0.0	170
LabradorRetriever15	34	155	5	4	0	29	18.48	0.0	0.0	116
KunmingDog12	48	147	3	0	0	0.0	0.0	0.0	0.0	0
Briard02_20209	36	154	4	4	0	29	18.48	0.0	0.0	116
VillDog_Portugal03	34	152	9	3	0	22.33	4.04	0.0	0.0	67
BorderCollie24	78	115	3	2	0	45	0.0	0.0	0.0	90
BorderCollie03	52	142	3	1	0	39	0.0	0.0	0.0	39
AmericanStaffordshireTerrier06_24030	60	133	3	2	0	45	0.0	0.0	0.0	90
PharaohHound02_27788	52	137	5	4	0	61.5	2.89	0.0	0.0	246
LagottoRomagnolo03	34	161	3	0	0	0.0	0.0	0.0	0.0	0
Wolf94	36	148	12	2	0	30	21.21	0.0	0.0	60
Keeshond02_34863	26	167	5	0	0	0.0	0.0	0.0	0.0	0
NorwichTerrier02	58	138	1	1	0	45	0.0	0.0	0.0	45
TibetanSpaniel12_30674	46	148	4	0	0	0.0	0.0	0.0	0.0	0
CretanTracer04	46	144	5	3	0	8.33	4.04	0.0	0.0	25
ToyFoxTerrier07_9014	6	185	4	3	0	58.33	23.67	0.0	0.0	175
VillDog_China05	34	164	0	0	0	0.0	0.0	0.0	0.0	0
BullTerrier43_34623	6	184	6	2	0	7	0.0	0.0	0.0	14
IndigenousDogNigeria03	50	147	0	1	0	13	0.0	0.0	0.0	13
Whippet03_27897	30	163	3	2	0	7	0.0	0.0	0.0	14
Maltese13	50	144	0	4	0	45	0.0	0.0	0.0	180
GoldenJackal02	86	108	4	0	0	0.0	0.0	0.0	0.0	0
VillDog_China24	32	158	6	0	2	0.0	0.0	-50	12.73	-100
PembrokeWelshCorgi02	48	146	2	2	0	6	0.0	0.0	0.0	12
StandardPoodle08	26	165	7	0	0	0.0	0.0	0.0	0.0	0
CairnTerrier10	36	158	2	2	0	107	0.0	0.0	0.0	214
SiberianHusky01_14529	46	146	5	1	0	35	0.0	0.0	0.0	35
BorderCollie06	96	100	0	2	0	27	0.0	0.0	0.0	54
NorwegianLundehund02	44	148	3	3	0	78	62.35	0.0	0.0	234
AmericanEskimoDog03_10810	46	148	2	2	0	6	0.0	0.0	0.0	12
Maltese06	44	149	3	2	0	59	0.0	0.0	0.0	118
AmericanStaffordshireTerrier05	74	120	2	2	0	55	0.0	0.0	0.0	110
YorkshireTerrier52	56	137	3	2	0	22	0.0	0.0	0.0	44
BelgianMalinois21	64	130	4	0	0	0.0	0.0	0.0	0.0	0
Leonberger06	52	144	2	0	0	0.0	0.0	0.0	0.0	0
DandieDinmontTerrier02_7732	6	182	7	3	0	17	19.05	0.0	0.0	51
GL12.12	48	144	6	0	0	0.0	0.0	0.0	0.0	0
GreaterSwissMountainDog05	26	161	7	4	0	16.25	19.17	0.0	0.0	65
CairnTerrier15	52	142	4	0	0	0.0	0.0	0.0	0.0	0
MIX_MiniatureSchnauzer_Beagle01	58	136	2	2	0	45	0.0	0.0	0.0	90
EntlebucherSennenhund07	56	138	4	0	0	0.0	0.0	0.0	0.0	0
SmoothFoxTerrier02_29481	44	146	5	3	0	37	25.98	0.0	0.0	111
CairnTerrier06	46	149	3	0	0	0.0	0.0	0.0	0.0	0
Stabyhoun01_33193	44	146	4	4	0	36.25	26.27	0.0	0.0	145
StdManchesterTerrier01_33437	74	122	0	2	0	54	0.0	0.0	0.0	108
KunmingDog02	50	144	2	2	0	99	0.0	0.0	0.0	198
SussexSpaniel01_6098	44	148	4	2	0	54	0.0	0.0	0.0	108
BullTerrier40_23675	6	184	7	1	0	7	0.0	0.0	0.0	7
Wolf08	60	133	5	0	0	0.0	0.0	0.0	0.0	0
ChineseIndigenousDog07	28	166	3	1	0	6	0.0	0.0	0.0	6
YorkshireTerrier58	22	173	3	0	0	0.0	0.0	0.0	0.0	0
Leonberger18	50	140	5	3	0	24.67	20.21	0.0	0.0	74
Basenji06	24	165	5	4	0	50.5	51.38	0.0	0.0	202
ShetlandSheepdog06_16127	24	163	9	2	0	55	0.0	0.0	0.0	110
RhodesianRidgeback01	76	119	1	2	0	27	0.0	0.0	0.0	54
BlackBackedJackal01	78	108	8	2	2	39	0.0	-6	0.0	66
Wolf56	68	124	2	4	0	12.5	0.58	0.0	0.0	50
ChineseIndigenousDog09	28	168	2	0	0	0.0	0.0	0.0	0.0	0
PortugueseWaterDog12	44	144	6	4	0	39.25	23.84	0.0	0.0	157
VillDog_China27	24	172	2	0	0	0.0	0.0	0.0	0.0	0
BullTerrier18_23653	6	184	6	2	0	7	0.0	0.0	0.0	14
ShetlandSheepdog14_24460	70	114	6	8	0	30	24.72	0.0	0.0	240
CurlyCoatedRetriever05	46	146	5	1	0	28	0.0	0.0	0.0	28
WelshTerrier04_22244	26	167	4	1	0	7	0.0	0.0	0.0	7
LancashireHeeler03_33512	26	163	8	1	0	37	0.0	0.0	0.0	37
GoldenRetriever12	24	169	1	4	0	22	18.48	0.0	0.0	88
Samoyed01_176	26	166	3	3	0	12.67	9.81	0.0	0.0	38
YorkshireTerrier22	54	137	5	2	0	33	0.0	0.0	0.0	66
NorwegianLundehund05_31832	42	150	2	4	0	32.75	30.31	0.0	0.0	131
VillDog_India04	78	120	0	0	0	0.0	0.0	0.0	0.0	0
GermanWirehairedPointer01	60	136	2	0	0	0.0	0.0	0.0	0.0	0
KunmingDog16	38	151	6	3	0	70	55.43	0.0	0.0	210
YorkshireTerrier15	16	178	4	0	0	0.0	0.0	0.0	0.0	0
Pointer03_27378	66	127	2	3	0	32	22.52	0.0	0.0	96
PitBullTerrier01	54	137	1	6	0	59.33	49.12	0.0	0.0	356
VillDog_China09	48	140	6	4	0	25.5	6.35	0.0	0.0	102
Landseer01	30	165	2	1	0	22	0.0	0.0	0.0	22
VillDog_Namibia02	28	169	1	0	0	0.0	0.0	0.0	0.0	0
Coyote03	82	113	3	0	0	0.0	0.0	0.0	0.0	0
Wolf_WO001_895	48	141	8	1	0	36	0.0	0.0	0.0	36
GrandeBassetGriffonVendeen02_5372	50	143	4	1	0	37	0.0	0.0	0.0	37
LabradorRetriever02	26	164	8	0	0	0.0	0.0	0.0	0.0	0
MiniatureSchnauzer03	28	168	2	0	0	0.0	0.0	0.0	0.0	0
NorwegianElkhound06_31968	50	143	4	1	0	39	0.0	0.0	0.0	39
BeardedCollie06	80	114	4	0	0	0.0	0.0	0.0	0.0	0
CatahoulaLeopardDog07_10792	46	145	5	2	0	59	0.0	0.0	0.0	118
Wolf60	68	125	3	2	0	28	0.0	0.0	0.0	56
GL13.04	44	145	5	4	0	41.5	19.47	0.0	0.0	166
KunmingDog13	32	161	2	3	0	41.33	30.6	0.0	0.0	124
UnknownBreed24	32	165	1	0	0	0.0	0.0	0.0	0.0	0
Wolf95	58	128	8	4	0	47	9.24	0.0	0.0	188
VillDog_Namibia03	26	170	2	0	0	0.0	0.0	0.0	0.0	0
StandardPoodle04	26	165	5	2	0	6	0.0	0.0	0.0	12
TibetanMastiff11	58	138	2	0	0	0.0	0.0	0.0	0.0	0
FlatCoatedRetriever09_28203	64	130	2	2	0	107	0.0	0.0	0.0	214
Dingo27	30	165	3	0	0	0.0	0.0	0.0	0.0	0
AmericanFoxhound01_34454	26	167	4	1	0	59	0.0	0.0	0.0	59
Schipperke01_33120	26	167	5	0	0	0.0	0.0	0.0	0.0	0
KunmingDog19	34	157	6	1	0	6	0.0	0.0	0.0	6
EnglishSpringerSpaniel04_4238	54	139	3	2	0	119	0.0	0.0	0.0	238
FlatCoatedRetriever03_28051	32	155	8	3	0	32	22.52	0.0	0.0	96
MixedBreed08	38	154	3	3	0	17.67	18.48	0.0	0.0	53
Whippet04	26	166	4	2	0	7	0.0	0.0	0.0	14
CeskyTerrier03_33463	38	153	7	0	0	0.0	0.0	0.0	0.0	0
SpinoneItaliano08	58	137	1	2	0	28	0.0	0.0	0.0	56
Leonberger15	48	144	4	2	0	20.5	16.26	0.0	0.0	41
BerneseMountainDog02_30814	50	146	0	2	0	45	0.0	0.0	0.0	90
SmallMunsterlander01_31612	22	168	4	4	0	39	38.11	0.0	0.0	156
GreaterSwissMountainDog04	30	160	7	1	0	6	0.0	0.0	0.0	6
Mudi02_33179	46	139	4	9	0	36	23.32	0.0	0.0	324
CotonDeTulear02	54	140	2	2	0	6	0.0	0.0	0.0	12
CockerSpanielEnglish08_13589	44	145	2	7	0	47.29	32.14	0.0	0.0	331
VillDog_PapuaNG01	46	150	2	0	0	0.0	0.0	0.0	0.0	0
CeskyTerrier01_31125	40	154	2	2	0	45	0.0	0.0	0.0	90
PetitBassetGriffonVendeen04_12353	46	148	2	2	0	59	0.0	0.0	0.0	118
Dalmatian01	44	147	4	3	0	19.67	13.28	0.0	0.0	59
BorderCollie26_BC_30512	68	126	2	2	0	45	0.0	0.0	0.0	90
FrenchBulldog04_14477	12	175	7	4	0	70	28.87	0.0	0.0	280
Dingo06_35297	24	165	4	5	0	52	61.18	0.0	0.0	260
WestHighlandWhiteTerr25	198	0	0	0	0	0.0	0.0	0.0	0.0	0
GL15.12	80	118	0	0	0	0.0	0.0	0.0	0.0	0
Coyote01	80	114	4	0	0	0.0	0.0	0.0	0.0	0
SwedishVallhund01_10043	54	139	3	2	0	45	0.0	0.0	0.0	90
SealyhamTerrier05_33336	54	137	4	3	0	32	22.52	0.0	0.0	96
Dingo05_35296	26	161	10	1	0	10	0.0	0.0	0.0	10
PortugueseWaterDog03_30003	50	145	3	0	0	0.0	0.0	0.0	0.0	0
Dachshund06_8242	22	170	1	5	0	25.2	22.71	0.0	0.0	126
ToyPoodle02_24072	24	168	4	2	0	120	0.0	0.0	0.0	240
JackRussellTerrier06	46	148	4	0	0	0.0	0.0	0.0	0.0	0
Samoyed05_33260	52	141	3	2	0	102	0.0	0.0	0.0	204
ScottishTerrier07_10701	54	140	4	0	0	0.0	0.0	0.0	0.0	0
FrenchBulldog01	18	173	7	0	0	0.0	0.0	0.0	0.0	0
ShetlandSheepdog13_24037	74	114	4	6	0	39	21.09	0.0	0.0	234
GL01.05	98	98	2	0	0	0.0	0.0	0.0	0.0	0
GreenlandDog01	46	149	3	0	0	0.0	0.0	0.0	0.0	0
GL13.07	64	124	2	8	0	26.25	14.49	0.0	0.0	210
SaintBernard02	80	115	1	2	0	35	0.0	0.0	0.0	70
CeskyTerrier04_31121	30	165	3	0	0	0.0	0.0	0.0	0.0	0
CairnTerrier05	40	157	1	0	0	0.0	0.0	0.0	0.0	0
Kuvasz01_7774	46	148	4	0	0	0.0	0.0	0.0	0.0	0
Wolf104	68	123	5	2	0	27	0.0	0.0	0.0	54
ShetlandSheepdog12_22484	54	137	5	2	0	59	0.0	0.0	0.0	118
AiredaleTerrier01	46	147	1	4	0	30.25	27.43	0.0	0.0	121
AmericanEskimoDog08_15301	28	160	9	1	0	13	0.0	0.0	0.0	13
Newfoundland05_29395	56	137	1	4	0	25.5	22.52	0.0	0.0	102
TibetanSpaniel03	74	123	1	0	0	0.0	0.0	0.0	0.0	0
VillDog_Borneo02	44	152	2	0	0	0.0	0.0	0.0	0.0	0
CatahoulaLeopardDog06_10791	26	170	2	0	0	0.0	0.0	0.0	0.0	0
JapaneseChin04_24329	46	148	3	1	0	7	0.0	0.0	0.0	7
UnknownBreed29	76	118	0	4	0	13.5	0.58	0.0	0.0	54
CavalierKingCharlesSpaniel03_952	26	163	9	0	0	0.0	0.0	0.0	0.0	0
KunmingDog20	24	164	6	4	0	40.75	25.01	0.0	0.0	163
NewGuineaSingingDog02	66	127	3	2	0	19	0.0	0.0	0.0	38
RhodesianRidgeback06_21531	80	117	1	0	0	0.0	0.0	0.0	0.0	0
Wolf22	80	115	3	0	0	0.0	0.0	0.0	0.0	0
MiniatureBullTerrier04	12	178	6	2	0	7	0.0	0.0	0.0	14
MIX_AmericanCocker_Beagle01	52	141	3	2	0	6	0.0	0.0	0.0	12
CardiganWelshCorgi01_9284	0	187	9	2	0	27	0.0	0.0	0.0	54
VillDog_China35	198	0	0	0	0	0.0	0.0	0.0	0.0	0
Affenpinscher03_34314	26	164	8	0	0	0.0	0.0	0.0	0.0	0
AmericanHairlessTerrier02_1118	24	168	4	2	0	120	0.0	0.0	0.0	240
BullTerrier44_23713	42	149	4	3	0	74.67	59.47	0.0	0.0	224
BullTerrier19_23656	10	179	5	4	0	58.5	59.47	0.0	0.0	234
Dingo10_35301	46	144	2	6	0	35	15.49	0.0	0.0	210
Maltese02_1257	72	123	1	2	0	67	0.0	0.0	0.0	134
Pug07	44	147	5	2	0	55	0.0	0.0	0.0	110
Leonberger03	32	160	2	4	0	22	18.48	0.0	0.0	88
NewGuineaSingingDog16	54	135	7	2	0	11	0.0	0.0	0.0	22
Dachshund14	56	138	3	1	0	6	0.0	0.0	0.0	6
Wolf39	56	134	6	2	0	114	0.0	0.0	0.0	228
YorkshireTerrier02	50	138	4	6	0	22	12.68	0.0	0.0	132
Wolf19	72	119	3	4	0	30.5	2.89	0.0	0.0	122
Wolf98	76	117	1	4	0	12.5	0.58	0.0	0.0	50
BelgianTervuren06_22771	56	127	6	9	0	33.89	16.17	0.0	0.0	305
Newfoundland03_29596	42	148	4	4	0	54.5	0.58	0.0	0.0	218
BorderCollie28	26	165	5	2	0	6	0.0	0.0	0.0	12
BrusselsGriffon01_6033	8	185	2	3	0	50	38.11	0.0	0.0	150
ChineseIndigenousDog03	48	144	1	5	0	46.6	23.42	0.0	0.0	233
BullTerrier05_23673	46	149	3	0	0	0.0	0.0	0.0	0.0	0
AmericanEskimoDog02_10808	22	172	1	3	0	19	22.52	0.0	0.0	57
BouvierDesFlandres04_28721	46	146	4	2	0	6	0.0	0.0	0.0	12
NewGuineaSingingDog14_34699	26	165	7	0	0	0.0	0.0	0.0	0.0	0
YorkshireTerrier27	24	172	2	0	0	0.0	0.0	0.0	0.0	0
UnknownBreed21	50	144	2	2	0	6	0.0	0.0	0.0	12
BerneseMountainDog11_4767	58	136	0	4	0	31	4.62	0.0	0.0	124
Rottweiler03	40	152	4	2	0	38	0.0	0.0	0.0	76
WolfTibetan03	56	131	5	6	0	13.33	0.52	0.0	0.0	80
VillDog_China18	50	143	3	2	0	19.5	19.09	0.0	0.0	39
Shikoku01_31257	46	147	5	0	0	0.0	0.0	0.0	0.0	0
BullTerrier11_23589	4	185	6	3	0	70.33	54.85	0.0	0.0	211
YorkshireTerrier26	28	164	5	1	0	27	0.0	0.0	0.0	27
VillDog_China37	42	152	2	2	0	38	0.0	0.0	0.0	76
LabradorRetriever23	38	150	8	2	0	45	0.0	0.0	0.0	90
FlatCoatedRetriever07_25539	54	141	1	2	0	54	0.0	0.0	0.0	108
BelgianSheepdog11_34638	44	146	4	4	0	33	30.02	0.0	0.0	132
CockerSpanielEnglish07_12021	44	148	3	3	0	41.33	30.6	0.0	0.0	124
TibetanTerrier04	56	140	0	2	0	45	0.0	0.0	0.0	90
GreatDane01_6610	54	140	2	2	0	39	0.0	0.0	0.0	78
BelgianMalinois23	46	146	3	3	0	6	0.0	0.0	0.0	18
KunmingDog01	52	145	1	0	0	0.0	0.0	0.0	0.0	0
LabradorRetriever24	32	161	5	0	0	0.0	0.0	0.0	0.0	0
Dingo13_35304	26	164	8	0	0	0.0	0.0	0.0	0.0	0
Wolf75	54	135	7	2	0	102	0.0	0.0	0.0	204
CairnTerrier16_25446	56	136	2	4	0	76	35.8	0.0	0.0	304
Beauceron01_29598	40	152	2	4	0	57.75	59.18	0.0	0.0	231
NewGuineaSingingDog04	44	151	3	0	0	0.0	0.0	0.0	0.0	0
BorderCollie13	76	120	0	2	0	31	0.0	0.0	0.0	62
TibetanMastiff05	42	154	0	2	0	27	0.0	0.0	0.0	54
Borzoi01_13141	30	163	4	1	0	55	0.0	0.0	0.0	55
PeruvianVillageDog07	44	151	0	3	0	24.33	17.93	0.0	0.0	73
ClumberSpaniel04_33092	54	141	2	1	0	6	0.0	0.0	0.0	6
EntlebucherSennenhund05	50	146	2	0	0	0.0	0.0	0.0	0.0	0
Leonberger05	80	118	0	0	0	0.0	0.0	0.0	0.0	0
YorkshireTerrier05	24	169	5	0	0	0.0	0.0	0.0	0.0	0
YorkshireTerrier39	14	180	3	1	0	13	0.0	0.0	0.0	13
PortugueseWaterDog06_29907	50	141	3	4	0	19.5	9.81	0.0	0.0	78
LancashireHeeler02_5378	36	152	8	2	0	45	0.0	0.0	0.0	90
RedWolf04	92	102	4	0	0	0.0	0.0	0.0	0.0	0
YorkshireTerrier42	60	133	3	2	0	31	0.0	0.0	0.0	62
MIX_LabradorRetriever01	50	143	5	0	0	0.0	0.0	0.0	0.0	0
Samoyed03_14503	54	136	3	5	0	12	3.39	0.0	0.0	60
YorkshireTerrier36	38	155	5	0	0	0.0	0.0	0.0	0.0	0
GoldenRetriever08	50	140	2	6	0	15	10.32	0.0	0.0	90
StaffordshireBullTerrier03_30240	64	132	0	2	0	59	0.0	0.0	0.0	118
IrishWaterSpaniel06_30864	26	169	2	1	0	45	0.0	0.0	0.0	45
GermanShepherd04	56	137	3	2	0	13	0.0	0.0	0.0	26
Wolf73	50	133	9	6	0	54.67	43.45	0.0	0.0	328
IrishTerrier03_31717	22	170	5	1	0	6	0.0	0.0	0.0	6
UnknownBreed09	82	116	0	0	0	0.0	0.0	0.0	0.0	0
GL07.26	76	118	4	0	0	0.0	0.0	0.0	0.0	0
GoldenRetriever14	42	148	1	7	0	39.29	19.27	0.0	0.0	275
VillDog_Namibia01	52	144	2	0	0	0.0	0.0	0.0	0.0	0
SpinoneItaliano07_31645	42	153	3	0	0	0.0	0.0	0.0	0.0	0
DogoArgentino02_33067	24	167	5	2	0	55	0.0	0.0	0.0	110
XiasiDog01	48	148	1	0	1	0.0	0.0	-22	0.0	-22
GoldenRetriever09	40	153	3	2	0	27	0.0	0.0	0.0	54
JackRussellTerrier03	34	157	3	4	0	13.5	0.58	0.0	0.0	54
AustralianShepherd03_31260	54	136	4	4	0	30.5	20.21	0.0	0.0	122
Briard03_20268	2	183	10	3	0	62.67	33.49	0.0	0.0	188
NewGuineaSingingDog10_35130	24	166	7	1	0	39	0.0	0.0	0.0	39
BorderCollie18_33928	30	161	7	0	0	0.0	0.0	0.0	0.0	0
NewGuineaSingingDog17	34	154	9	1	0	13	0.0	0.0	0.0	13
AfricanGoldenWolf05	94	99	5	0	0	0.0	0.0	0.0	0.0	0
Dachshund08_12335	56	137	2	3	0	32	22.52	0.0	0.0	96
PortuguesePodengoPequeno01_33229	38	156	4	0	0	0.0	0.0	0.0	0.0	0
GrandeBassetGriffonVendeen03_5373	40	152	4	2	0	7	0.0	0.0	0.0	14
EnglishSpringerSpaniel10	46	147	3	2	0	6	0.0	0.0	0.0	12
Pomeranian01	26	170	2	0	0	0.0	0.0	0.0	0.0	0
GL11.19	48	144	6	0	0	0.0	0.0	0.0	0.0	0
AustralianCattleDog06	58	137	3	0	0	0.0	0.0	0.0	0.0	0
BelgianMalinois20	56	138	1	3	0	59.67	21.36	0.0	0.0	179
Saluki03	36	158	2	2	0	6	0.0	0.0	0.0	12
StandardSchnauzer07	80	118	0	0	0	0.0	0.0	0.0	0.0	0
BorderCollie17	78	118	0	2	0	35	0.0	0.0	0.0	70
ScottishDeerhound07_34144	28	164	5	1	0	45	0.0	0.0	0.0	45
EnglishPointer01	58	138	2	0	0	0.0	0.0	0.0	0.0	0
Wolf48	56	134	6	2	0	45	0.0	0.0	0.0	90
SealyhamTerrier07_34153	62	128	5	3	0	32	22.52	0.0	0.0	96
SoftCoatedWheatenTerrier01	62	134	1	1	0	6	0.0	0.0	0.0	6
BergerPicard01	26	166	6	0	0	0.0	0.0	0.0	0.0	0
Greyhound10	198	0	0	0	0	0.0	0.0	0.0	0.0	0
Pointer04	38	150	6	4	0	30.5	20.21	0.0	0.0	122
FrenchBulldog05_16072	16	172	8	2	0	32.5	17.68	0.0	0.0	65
BelgianSheepdog01_27485	34	155	7	2	0	35	0.0	0.0	0.0	70
Otterhound04	46	146	4	2	0	7	0.0	0.0	0.0	14
BerneseMountainDog05_1300	60	136	0	2	0	37	2.83	0.0	0.0	74
CairnTerrier07	18	173	7	0	0	0.0	0.0	0.0	0.0	0
KunmingDog05	40	152	4	2	0	25.5	27.58	0.0	0.0	51
Pomeranian03_8521	56	135	6	1	0	45	0.0	0.0	0.0	45
StandardPoodle05	26	166	4	2	0	6.5	0.71	0.0	0.0	13
GL14.08	54	142	2	0	0	0.0	0.0	0.0	0.0	0
ScottishTerrier03	54	136	4	4	0	13.5	0.58	0.0	0.0	54
TibetanTerrier06	54	138	2	4	0	40	1.15	0.0	0.0	160
Leonberger02	24	167	3	4	0	32.5	30.6	0.0	0.0	130
LhasaApso01_6220	26	165	4	3	0	67.67	24.83	0.0	0.0	203
WestHighlandWhiteTerr15_21964	6	182	8	2	0	7	0.0	0.0	0.0	14
IndigenousDogNigeria01	56	138	4	0	0	0.0	0.0	0.0	0.0	0
GL08.17	50	142	2	4	0	18.5	14.43	0.0	0.0	74
MountainCur03_33173	26	165	7	0	0	0.0	0.0	0.0	0.0	0
BelgianMalinois19	46	149	3	0	0	0.0	0.0	0.0	0.0	0
GermanShepherd29	44	149	5	0	0	0.0	0.0	0.0	0.0	0
RhodesianRidgeback05	24	170	4	0	0	0.0	0.0	0.0	0.0	0
EntlebucherSennenhund06	50	143	5	0	0	0.0	0.0	0.0	0.0	0
GermanShepherd08	52	139	3	4	0	31	4.62	0.0	0.0	124
TibetanTerrier03	54	138	2	4	0	19.5	9.81	0.0	0.0	78
NorwegianElkhound03_1011	6	188	4	0	0	0.0	0.0	0.0	0.0	0
YorkshireTerrier40	34	156	8	0	0	0.0	0.0	0.0	0.0	0
HighlandWildDog01_34326	56	133	3	6	0	40.67	23.05	0.0	0.0	244
BullTerrier13_23592	6	185	6	1	0	7	0.0	0.0	0.0	7
BelgianSheepdog10_22740	54	140	4	0	0	0.0	0.0	0.0	0.0	0
CavalierKingCharlesSpaniel04_15286	24	165	5	4	0	25.75	14.15	0.0	0.0	103
Wolf01	60	134	2	2	0	39	0.0	0.0	0.0	78
BerneseMountainDog12_4851	58	136	0	4	0	33	6.93	0.0	0.0	132
BullTerrier31_23719	46	148	4	0	0	0.0	0.0	0.0	0.0	0
Xoloitzcuintli03_34496	56	136	4	2	0	10	0.0	0.0	0.0	20
GermanShepherd16_12786	32	155	7	4	0	9.75	3.2	0.0	0.0	39
MIX_AmericanCocker_Beagle02	26	167	2	3	0	94.33	42.72	0.0	0.0	283
Papillon02_27882	26	168	2	2	0	6	0.0	0.0	0.0	12
MiniatureSchnauzer07	28	162	7	1	0	31	0.0	0.0	0.0	31
BergerPicard03	44	146	4	4	0	22.5	17.9	0.0	0.0	90
VillDog_Vietnam02	58	140	0	0	0	0.0	0.0	0.0	0.0	0
BedlingtonTerrier02_33486	40	153	5	0	0	0.0	0.0	0.0	0.0	0
YorkshireTerrier65	32	162	3	1	0	11	0.0	0.0	0.0	11
Beagle02	16	169	8	5	0	15.2	3.83	0.0	0.0	76
YorkshireTerrier72	48	146	3	1	0	38	0.0	0.0	0.0	38
CarolinaDog03_31703	54	141	3	0	0	0.0	0.0	0.0	0.0	0
BullMastiff01	44	144	4	6	0	44	43.63	0.0	0.0	264
Rottweiler12_25123	46	148	3	1	0	35	0.0	0.0	0.0	35
VillDog_Bali01	20	170	6	2	0	99	0.0	0.0	0.0	198
VillDog_China48	50	144	0	4	0	17	11.55	0.0	0.0	68
GL11.18	54	136	6	2	0	14	4.24	0.0	0.0	28
AmericanHairlessTerrier04_1124	30	162	4	2	0	54	0.0	0.0	0.0	108
Maltese03	34	156	8	0	0	0.0	0.0	0.0	0.0	0
AustralianCattleDog02	50	145	1	2	0	6	0.0	0.0	0.0	12
BullTerrier35_23727	6	184	6	2	0	7	0.0	0.0	0.0	14
SkyeTerrier02_33346	24	166	4	4	0	30	27.71	0.0	0.0	120
Saluki02	26	169	1	2	0	6	0.0	0.0	0.0	12
BorderCollie19_33939	76	120	0	2	0	39	0.0	0.0	0.0	78
Rottweiler04_30461	44	144	4	6	0	42.5	45.97	0.0	0.0	255
CairnTerrier09	52	143	3	0	0	0.0	0.0	0.0	0.0	0
AustralianCattleDog08_25269	70	122	2	4	0	66	38.11	0.0	0.0	264
ChineseSharpei05_11448	20	170	6	2	0	99	0.0	0.0	0.0	198
BerneseMountainDog16_13108	60	133	1	4	0	45	0.0	0.0	0.0	180
Wolf112	56	133	9	0	0	0.0	0.0	0.0	0.0	0
BorderCollie27_BC_31618	46	147	4	1	0	6	0.0	0.0	0.0	6
Pekingese02	44	147	3	4	0	48	25.53	0.0	0.0	192
TibetanMastiff02	26	169	3	0	0	0.0	0.0	0.0	0.0	0
Maltese12	64	133	1	0	0	0.0	0.0	0.0	0.0	0
LabradorRetriever25	46	144	4	4	0	8.5	2.89	0.0	0.0	34
BorderCollie25_BC_27398	66	125	3	4	0	29	26.56	0.0	0.0	116
Chinook04_33143	28	163	5	2	0	6	0.0	0.0	0.0	12
YorkshireTerrier56	42	152	4	0	0	0.0	0.0	0.0	0.0	0
Wolf107	58	130	8	2	0	35	0.0	0.0	0.0	70
BrittanySpaniel03_12726	14	177	5	2	0	6	0.0	0.0	0.0	12
PetitBassetGriffonVendeen05_11478	42	153	2	1	0	6	0.0	0.0	0.0	6
Wolf103	70	122	2	4	0	35.5	2.89	0.0	0.0	142
ShetlandSheepdog11_21970	26	162	9	1	0	45	0.0	0.0	0.0	45
CairnTerrier11	36	156	5	0	1	0.0	0.0	-216	0.0	-216
GreatPlainsWolf01	84	113	1	0	0	0.0	0.0	0.0	0.0	0
Dachshund09_27368	54	137	3	4	0	29	18.48	0.0	0.0	116
YorkshireTerrier71	58	137	3	0	0	0.0	0.0	0.0	0.0	0
Basenji02	26	166	4	2	0	6	0.0	0.0	0.0	12
OldEnglishSheepdog01_5990	48	141	5	4	0	30.5	28.78	0.0	0.0	122
MiniatureSchnauzer08	54	135	5	4	0	30	9.24	0.0	0.0	120
YorkshireTerrier31	42	153	3	0	0	0.0	0.0	0.0	0.0	0
BullTerrier41_24720	12	178	7	1	0	7	0.0	0.0	0.0	7
PortugueseWaterDog09_30157	48	142	4	4	0	10	5.23	0.0	0.0	40
IndigenousDogVietnam04	30	164	3	1	0	36	0.0	0.0	0.0	36
ChineseSharpei01	64	131	3	0	0	0.0	0.0	0.0	0.0	0
Havanese01	78	114	0	6	0	28	24.02	0.0	0.0	168
GermanShepherd03	42	149	5	2	0	14	4.24	0.0	0.0	28
ScottishDeerhound05_31240	44	148	4	2	0	67	0.0	0.0	0.0	134
EnglishMastiff01_21270	26	168	2	2	0	7	0.0	0.0	0.0	14
IndigenousDogVietnam03	26	168	4	0	0	0.0	0.0	0.0	0.0	0
AmericanEskimoDog07_15300	58	138	2	0	0	0.0	0.0	0.0	0.0	0
Wolf89	34	156	8	0	0	0.0	0.0	0.0	0.0	0
ScottishDeerhound08_34149	32	156	4	6	0	41.67	24.29	0.0	0.0	250
YorkshireTerrier62	38	157	3	0	0	0.0	0.0	0.0	0.0	0
BorderCollie16	46	147	3	2	0	6	0.0	0.0	0.0	12
Hovawart01	48	143	4	3	0	33	10.39	0.0	0.0	99
Leonberger14	190	8	0	0	0	0.0	0.0	0.0	0.0	0
KintamaniDog01	24	166	6	2	0	99	0.0	0.0	0.0	198
AfricanGoldenWolf01	78	112	7	0	1	0.0	0.0	-22	0.0	-22
GL09.07	48	141	6	3	0	24	12.12	0.0	0.0	72
CarolinaDog01_Reseq_7771	26	166	5	1	0	6	0.0	0.0	0.0	6
Eurasier03_22815	14	177	7	0	0	0.0	0.0	0.0	0.0	0
Maltese04	46	143	2	7	0	40	54.7	0.0	0.0	280
MIX_KerryBlueTerrier_Beagle01	76	117	3	2	0	33	0.0	0.0	0.0	66
ScottishTerrier01_8542	56	136	4	2	0	39	0.0	0.0	0.0	78
Dingo20_35311	26	166	4	2	0	6	0.0	0.0	0.0	12
VillDog_China44	44	148	6	0	0	0.0	0.0	0.0	0.0	0
MiniatureSchnauzer02	32	163	3	0	0	0.0	0.0	0.0	0.0	0
BelgianMalinois16	26	169	3	0	0	0.0	0.0	0.0	0.0	0
Maltese08	78	119	1	0	0	0.0	0.0	0.0	0.0	0
GreekTracer05	24	167	3	4	0	22	18.48	0.0	0.0	88
BullTerrier17_23636	74	122	0	2	0	67	0.0	0.0	0.0	134
VillDog_China39	62	132	4	0	0	0.0	0.0	0.0	0.0	0
NewGuineaSingingDog07_30192r	24	166	6	2	0	120	0.0	0.0	0.0	240
IrishWaterSpaniel05_30861	44	148	2	4	0	32.75	30.31	0.0	0.0	131
AmericanEskimoDog09_15304	52	141	3	2	0	120	0.0	0.0	0.0	240
YorkshireTerrier32	44	149	5	0	0	0.0	0.0	0.0	0.0	0
BouvierdesFlandres07_22254	42	146	5	5	0	66	40.11	0.0	0.0	330
PortugueseWaterDog10_29901	74	118	2	4	0	14	3.46	0.0	0.0	56
LabradorRetriever12	24	165	8	1	0	31	0.0	0.0	0.0	31
VillDog_China47	46	151	1	0	0	0.0	0.0	0.0	0.0	0
BullTerrier38_34137	6	184	6	2	0	7	0.0	0.0	0.0	14
VillDog_China08	38	151	7	2	0	20	0.0	0.0	0.0	40
MiniaturePoodle03_27597	50	140	2	6	0	60	50.68	0.0	0.0	360
YorkshireTerrier16	48	146	2	2	0	31	0.0	0.0	0.0	62
Pumi01_29689	28	161	5	4	0	14.75	16.17	0.0	0.0	59
BelgianMalinois17	48	147	1	2	0	59	0.0	0.0	0.0	118
VillDog_China50	62	130	4	2	0	31	0.0	0.0	0.0	62
GL14.06	46	148	4	0	0	0.0	0.0	0.0	0.0	0
IbizanHound02_1172	28	166	2	2	0	6.5	0.71	0.0	0.0	13
NewGuineaSingingDog15_35133	26	166	6	0	0	0.0	0.0	0.0	0.0	0
VillDog_China43	56	138	3	1	0	35	0.0	0.0	0.0	35
Eurasier02	26	170	2	0	0	0.0	0.0	0.0	0.0	0
SkyeTerrier01_33239	22	168	2	6	0	47.33	34.38	0.0	0.0	284
VillDog_China06	52	142	4	0	0	0.0	0.0	0.0	0.0	0
BullTerrier02	4	189	5	0	0	0.0	0.0	0.0	0.0	0
BerneseMountainDog14_12307	58	137	0	2	1	45	0.0	-6	0.0	84
Dachshund13	46	146	4	2	0	6	0.0	0.0	0.0	12
GoldenRetriever21	60	132	0	6	0	69.67	38.21	0.0	0.0	418
Wolf81	54	136	3	5	0	24.4	19.02	0.0	0.0	122
AustralianShepherd06	198	0	0	0	0	0.0	0.0	0.0	0.0	0
Greyhound03	42	152	2	2	0	61	0.0	0.0	0.0	122
BergerPicard05_33251	46	146	4	2	0	7	0.0	0.0	0.0	14
VillDog_China28	38	157	3	0	0	0.0	0.0	0.0	0.0	0
Pug03	40	158	0	0	0	0.0	0.0	0.0	0.0	0
BullTerrier36_24718	8	182	7	1	0	7	0.0	0.0	0.0	7
EnglishMastiff02	24	170	2	2	0	27	0.0	0.0	0.0	54
BelgianTervuren08_28302	62	136	0	0	0	0.0	0.0	0.0	0.0	0
MixedBreed06	50	143	4	1	0	24	0.0	0.0	0.0	24
WelshSpringerSpaniel02_30504	42	151	5	0	0	0.0	0.0	0.0	0.0	0
GoldenRetriever23_25512	56	140	0	2	0	45	0.0	0.0	0.0	90
AfricanGoldenWolf02	92	101	5	0	0	0.0	0.0	0.0	0.0	0
Wolf38	38	157	1	2	0	6	0.0	0.0	0.0	12
VillDog_China10	38	154	4	2	0	6	0.0	0.0	0.0	12
BullTerrier12_23590	4	185	5	4	0	54.5	54.85	0.0	0.0	218
TibetanSpaniel10	76	120	0	2	0	13	0.0	0.0	0.0	26
Affenpinscher02_34310	22	170	6	0	0	0.0	0.0	0.0	0.0	0
Pointer05_9031	46	145	3	4	0	13.5	14.34	0.0	0.0	54
NorwichTerrier04	16	176	3	3	0	17.33	17.9	0.0	0.0	52
GoldenRetriever05	58	137	1	2	0	35	0.0	0.0	0.0	70
Leonberger09	78	120	0	0	0	0.0	0.0	0.0	0.0	0
Weimaraner04	24	164	4	6	0	30.17	24.15	0.0	0.0	181
UnknownBreed13	52	142	3	1	0	13	0.0	0.0	0.0	13
FrenchBulldog02	32	160	3	3	0	45	0.0	0.0	0.0	135
IrishRedandWhiteSetter01_5386	58	134	4	2	0	35	0.0	0.0	0.0	70
YorkshireTerrier70	168	30	0	0	0	0.0	0.0	0.0	0.0	0
Wolf06	72	124	2	0	0	0.0	0.0	0.0	0.0	0
BelgianMalinois11	34	160	3	1	0	27	0.0	0.0	0.0	27
Newfoundland04	26	168	4	0	0	0.0	0.0	0.0	0.0	0
LabradorRetriever10	32	154	8	4	0	14	3.46	0.0	0.0	56
UnknownBreed28	20	178	0	0	0	0.0	0.0	0.0	0.0	0
NewGuineaSingingDog11_35131	30	162	6	0	0	0.0	0.0	0.0	0.0	0
FlatCoatedRetriever12_31166	56	141	1	0	0	0.0	0.0	0.0	0.0	0
Wolf42	34	153	9	2	0	7	0.0	0.0	0.0	14
AmericanHairlessTerrier01_Reseq_1121	30	165	2	0	1	0.0	0.0	-22	0.0	-22
ChowChow01_15630	44	151	3	0	0	0.0	0.0	0.0	0.0	0
TeddyRooseveltTerrier02_24776	48	144	4	2	0	12.5	0.71	0.0	0.0	25
GL05.06	52	143	2	1	0	6	0.0	0.0	0.0	6
UnknownBreed11	24	164	8	2	0	38	0.0	0.0	0.0	76
KunmingDog07	46	149	2	1	0	6	0.0	0.0	0.0	6
BelgianMalinois25	44	149	3	2	0	67	0.0	0.0	0.0	134
Vizsla03_27073	52	138	3	5	0	58.8	40.0	0.0	0.0	294
BelgianMalinois18	32	157	2	7	0	64.57	41.2	0.0	0.0	452
ToyFoxTerrier06_13289	42	153	3	0	0	0.0	0.0	0.0	0.0	0
Havanese04	70	124	3	1	0	45	0.0	0.0	0.0	45
BullTerrier08	12	184	2	0	0	0.0	0.0	0.0	0.0	0
Coyote02	88	110	0	0	0	0.0	0.0	0.0	0.0	0
ChineseCrested01	44	148	4	2	0	38	0.0	0.0	0.0	76
TibetanMastiff01	32	163	3	0	0	0.0	0.0	0.0	0.0	0
LagottoRomagnolo09_33195	44	147	4	3	0	41.33	30.6	0.0	0.0	124
CatahoulaLeopardDog02_33137	42	148	6	2	0	19.5	12.02	0.0	0.0	39
BassetHound02_12885	36	153	7	2	0	119	0.0	0.0	0.0	238
AfricanGoldenWolf04	92	99	6	1	0	6	0.0	0.0	0.0	6
IrishTerrier02	18	174	6	0	0	0.0	0.0	0.0	0.0	0
WestHighlandWhiteTerr19	198	0	0	0	0	0.0	0.0	0.0	0.0	0
BelgianTervuren03_24639	42	149	3	4	0	12.5	0.58	0.0	0.0	50
KunmingDog09	42	148	3	5	0	54.2	50.76	0.0	0.0	271
Wolf25	76	113	5	4	0	31.5	4.04	0.0	0.0	126
LabradorRetriever22	32	152	8	6	0	38.67	20.13	0.0	0.0	232
BerneseMountainDog01_4679	52	139	3	4	0	30.5	2.89	0.0	0.0	122
VillDog_PapuaNG03	32	162	4	0	0	0.0	0.0	0.0	0.0	0
WolfTibetan01	48	133	11	6	0	15.67	3.72	0.0	0.0	94
AmericanWaterSpaniel03_29580	52	140	2	4	0	82	42.72	0.0	0.0	328
BullTerrier30_23717	44	147	3	4	0	33.75	23.39	0.0	0.0	135
ChineseIndigenousDog15	26	168	4	0	0	0.0	0.0	0.0	0.0	0
LancashireHeeler01_5375	44	148	4	2	0	59	0.0	0.0	0.0	118
525	70	124	2	2	0	33	0.0	0.0	0.0	66
StandardPoodle06	24	166	4	4	0	54	55.43	0.0	0.0	216
GL15.04	34	158	6	0	0	0.0	0.0	0.0	0.0	0
KunmingDog06	56	138	3	1	0	6	0.0	0.0	0.0	6
BorderCollie22_34073	48	140	3	7	0	64.71	15.5	0.0	0.0	453
BoykinSpaniel02_9998	26	167	3	2	0	6.5	0.71	0.0	0.0	13
NorwegianElkhound04_1012	26	168	4	0	0	0.0	0.0	0.0	0.0	0
AustralianCattleDog04	72	118	0	8	0	59	41.1	0.0	0.0	472
Havanese03	42	154	2	0	0	0.0	0.0	0.0	0.0	0
ScottishTerrier02_9025	10	179	5	4	0	54.5	56.0	0.0	0.0	218
IcelandicSheepdog01_30708	50	141	3	4	0	54.5	0.58	0.0	0.0	218
FlatCoatedRetriever06_25517	56	141	1	0	0	0.0	0.0	0.0	0.0	0
FinnishSpitz01_7309	38	151	8	1	0	6	0.0	0.0	0.0	6
Havanese05	46	148	4	0	0	0.0	0.0	0.0	0.0	0
GermanShepherd20_30910	46	147	5	0	0	0.0	0.0	0.0	0.0	0
Rottweiler07	56	135	3	4	0	25.5	22.52	0.0	0.0	102
PeruvianVillageDog08	26	167	5	0	0	0.0	0.0	0.0	0.0	0
BeardedCollie03	80	114	4	0	0	0.0	0.0	0.0	0.0	0
PhuquocRidgeback01_34142	28	160	10	0	0	0.0	0.0	0.0	0.0	0
ChineseSharpei04_11447	24	168	5	1	0	6	0.0	0.0	0.0	6
NewGuineaSingingDog08_34692	24	165	7	2	0	120	0.0	0.0	0.0	240
SiberianHusky04	58	138	0	2	0	35	0.0	0.0	0.0	70
YorkshireTerrier11	62	133	3	0	0	0.0	0.0	0.0	0.0	0
GermanShepherd05	44	148	4	2	0	31	0.0	0.0	0.0	62
Dachshund04	36	159	2	1	0	6	0.0	0.0	0.0	6
BeardedCollie02	72	116	8	2	0	38	0.0	0.0	0.0	76
NorwichTerrier06_25013	14	174	8	2	0	6.5	0.71	0.0	0.0	13
WolfTibetan02	60	130	8	0	0	0.0	0.0	0.0	0.0	0
GreekTracer01	46	148	4	0	0	0.0	0.0	0.0	0.0	0
MiniatureSchnauzer13	56	137	3	2	0	55	0.0	0.0	0.0	110
EnglishMastiff06	44	147	3	4	0	32.75	30.31	0.0	0.0	131
CockerSpanielEnglish04	48	149	1	0	0	0.0	0.0	0.0	0.0	0
LagottoRomagnolo08_31603	48	147	2	1	0	6	0.0	0.0	0.0	6
GermanShepherd23_35050	44	148	4	2	0	59	0.0	0.0	0.0	118
GermanShepherd13	34	158	6	0	0	0.0	0.0	0.0	0.0	0
PeruvianHairless01	54	137	2	5	0	19.8	12.83	0.0	0.0	99
VillDog_India05	44	151	1	2	0	19	0.0	0.0	0.0	38
GL01.01	76	115	3	4	0	36.5	1.73	0.0	0.0	146
GoldenRetriever25	26	168	2	2	0	6	0.0	0.0	0.0	12
Coyote08	76	114	6	2	0	22	0.0	0.0	0.0	44
NorwegianLundehund01	44	149	1	4	0	18.5	14.43	0.0	0.0	74
AmericanStaffordshireTerrier01	52	136	2	8	0	53.25	37.71	0.0	0.0	426
BullTerrier10_23587	6	184	7	1	0	7	0.0	0.0	0.0	7
BorderCollie01	66	128	4	0	0	0.0	0.0	0.0	0.0	0
SaintBernard01_1075	48	141	3	6	0	40.17	34.28	0.0	0.0	241
VillDog_Taiwan01	74	123	1	0	0	0.0	0.0	0.0	0.0	0
Dingo17_35308	24	161	10	3	0	38.67	28.29	0.0	0.0	116
AlaskanMalamute01_30099	44	147	5	2	0	38	0.0	0.0	0.0	76
BergerPicard02	46	146	4	2	0	7	0.0	0.0	0.0	14
Leonberger20	32	155	4	7	0	30	23.66	0.0	0.0	210
BullTerrier15_23624	74	122	0	2	0	38	0.0	0.0	0.0	76
AlaskanHusky01	56	138	1	3	0	18	10.39	0.0	0.0	54
VillDog_China26	12	184	2	0	0	0.0	0.0	0.0	0.0	0
ScottishDeerhound04_31239	28	163	5	2	0	30.5	24.75	0.0	0.0	61
LabradorRetriever18	22	164	6	6	0	54.33	40.1	0.0	0.0	326
LabradorRetriever26	50	141	5	2	0	7	0.0	0.0	0.0	14
PetitBassetGriffonVendeen03_9419	38	155	4	1	0	6	0.0	0.0	0.0	6
Sloughi03	46	146	4	2	0	7	0.0	0.0	0.0	14
WestHighlandWhiteTerr16_21971	6	183	7	2	0	7	0.0	0.0	0.0	14
AmericanEskimoDog04_8380	20	169	5	4	0	57.5	59.47	0.0	0.0	230
Dingo16_35307	24	166	8	0	0	0.0	0.0	0.0	0.0	0
BorderCollie20_33967	72	116	2	8	0	30.25	17.43	0.0	0.0	242
KunmingDog17	34	159	4	1	0	6	0.0	0.0	0.0	6
VillDog_China40	48	147	1	2	0	14	4.24	0.0	0.0	28
FieldSpaniel01	50	143	4	1	0	39	0.0	0.0	0.0	39
WestHighlandWhiteTerr01	10	181	5	2	0	6	0.0	0.0	0.0	12
IndigenousDogNigeria02	24	168	4	2	0	19	0.0	0.0	0.0	38
BullTerrier37_24725	6	185	6	1	0	7	0.0	0.0	0.0	7
EnglishMastiff03_24151	44	149	3	2	0	6.5	0.71	0.0	0.0	13
Dingo09_35300	28	165	4	1	0	10	0.0	0.0	0.0	10
CockerSpanielEnglish06	58	136	2	2	0	55	0.0	0.0	0.0	110
BedlingtonTerrier01_27328	36	155	5	2	0	39	0.0	0.0	0.0	78
Wolf109	28	159	10	1	0	35	0.0	0.0	0.0	35
BelgianTervuren11_24620	46	143	4	5	0	51	7.84	0.0	0.0	255
CockerSpanielAmerican04	38	157	0	3	0	36.33	4.62	0.0	0.0	109
GermanShepherd25_35054	52	142	4	0	0	0.0	0.0	0.0	0.0	0
Leonberger11	42	153	3	0	0	0.0	0.0	0.0	0.0	0
Leonberger21	76	118	0	4	0	30.5	20.21	0.0	0.0	122
UnknownBreed23	28	165	3	2	0	7	0.0	0.0	0.0	14
RhodesianRidgeback03	28	166	3	1	0	31	0.0	0.0	0.0	31
UnknownBreed18	56	137	3	2	0	13	0.0	0.0	0.0	26
SussexSpaniel04_954	30	161	4	3	0	43.67	26.56	0.0	0.0	131
SpinoneItaliano02_937	54	142	0	2	0	45	0.0	0.0	0.0	90
Wolf59	86	105	3	4	0	25.5	1.73	0.0	0.0	102
PharaohHound01_27778	18	167	6	7	0	56.43	41.95	0.0	0.0	395
IrishSetter01_29781	22	168	4	4	0	76.5	28.29	0.0	0.0	306
YorkshireTerrier63	64	130	2	2	0	11	0.0	0.0	0.0	22
Dingo02_34694	56	134	2	6	0	23.67	18.9	0.0	0.0	142
WestHighlandWhiteTerr08	50	148	0	0	0	0.0	0.0	0.0	0.0	0
Leonberger17	50	140	2	6	0	50.5	41.97	0.0	0.0	303
RhodesianRidgeback02	54	142	1	1	0	35	0.0	0.0	0.0	35
BorderCollie08	58	137	3	0	0	0.0	0.0	0.0	0.0	0
CatahoulaLeopardDog09_33136	44	148	2	4	0	32.5	30.6	0.0	0.0	130
Chihuahua03	78	117	1	2	0	35	0.0	0.0	0.0	70
YorkshireTerrier69	50	140	4	4	0	25.5	14.43	0.0	0.0	102
TeddyRooseveltTerrier03_24777	44	148	4	2	0	52	0.0	0.0	0.0	104
ChineseIndigenousDog10	62	130	4	2	0	13	0.0	0.0	0.0	26
Xoloitzcuintli01	28	169	1	0	0	0.0	0.0	0.0	0.0	0
ChesapeakeBayRetriever03_12347	34	162	2	0	0	0.0	0.0	0.0	0.0	0
YorkshireTerrier03	62	130	4	2	0	22	0.0	0.0	0.0	44
BelgianSheepdog09_31144	60	130	4	4	0	19.5	9.81	0.0	0.0	78
BelgianMalinois13	26	163	5	4	0	39.25	25.33	0.0	0.0	157
NewGuineaSingingDog13_34695	26	163	7	2	0	54.5	13.44	0.0	0.0	109
WestHighlandWhiteTerr02	48	144	4	2	0	6	0.0	0.0	0.0	12
BelgianMalinois08	44	147	4	3	0	36.67	26.56	0.0	0.0	110
Wolf31	80	117	1	0	0	0.0	0.0	0.0	0.0	0
IbizanHound04_1230	22	165	6	5	0	80.2	35.88	0.0	0.0	401
GL28.02	80	114	2	2	0	39	0.0	0.0	0.0	78
GL11.08	78	115	3	2	0	45	0.0	0.0	0.0	90
BerneseMountainDog15_13020	48	145	2	3	0	30.33	5.77	0.0	0.0	91
ChowChow05_29846	26	166	6	0	0	0.0	0.0	0.0	0.0	0
SoftCoatedWheatenTerrier04	62	128	6	2	0	33	0.0	0.0	0.0	66
PortuguesePodengoPequeno02_34432	42	149	1	6	0	48.67	43.72	0.0	0.0	292
WestHighlandWhiteTerr21	198	0	0	0	0	0.0	0.0	0.0	0.0	0
BiewerTerrier07_34303	34	161	3	0	0	0.0	0.0	0.0	0.0	0
ToyFoxTerrier05_13287	24	167	5	2	0	120	0.0	0.0	0.0	240
Wolf27	28	163	6	1	0	24	0.0	0.0	0.0	24
EnglishSpringerSpaniel07	50	142	4	2	0	67	0.0	0.0	0.0	134
StdManchesterTerrier06_33540	76	117	1	4	0	30.5	20.21	0.0	0.0	122
WelshTerrier02_1024	58	134	4	2	0	13	0.0	0.0	0.0	26
GermanShepherd18_14567	48	144	6	0	0	0.0	0.0	0.0	0.0	0
GL08.11	46	148	2	2	0	6	0.0	0.0	0.0	12
TeddyRooseveltTerrier01_24735	46	144	5	3	0	8.67	3.79	0.0	0.0	26
Kuvasz04	24	165	7	2	0	29	22.63	0.0	0.0	58
Wolf111	76	114	6	2	0	22	0.0	0.0	0.0	44
VillDog_China20	58	136	2	2	0	35	0.0	0.0	0.0	70
Kuvasz01_Reseq_7774	44	148	4	2	0	59	0.0	0.0	0.0	118
VillDog_Lebanon01	58	136	4	0	0	0.0	0.0	0.0	0.0	0
HighlandWildDog02_34327	26	163	8	1	0	41	0.0	0.0	0.0	41
Wolf02	34	156	6	2	0	8.5	3.54	0.0	0.0	17
Wolf67	66	121	7	4	0	17	8.08	0.0	0.0	68
Rottweiler05	50	144	3	1	0	45	0.0	0.0	0.0	45
Wolf82	44	145	7	2	0	45	0.0	0.0	0.0	90
CairnTerrier03	28	168	2	0	0	0.0	0.0	0.0	0.0	0
BassetHound01_10376	56	132	6	4	0	49.5	5.2	0.0	0.0	198
GL12.01	46	144	4	4	0	67.75	51.32	0.0	0.0	271
Wolf44	198	0	0	0	0	0.0	0.0	0.0	0.0	0
Wolf35	52	144	2	0	0	0.0	0.0	0.0	0.0	0
ChesapeakeBayRetriever01	24	163	6	5	0	32.2	24.09	0.0	0.0	161
PortugueseWaterDog13_5834	40	151	4	3	0	41.33	30.6	0.0	0.0	124
OldEnglishSheepdog02_6003	76	120	2	0	0	0.0	0.0	0.0	0.0	0
MiniaturePinscher01_12874	28	163	5	2	0	25.5	27.58	0.0	0.0	51
Dingo11_35302	68	124	6	0	0	0.0	0.0	0.0	0.0	0
BassetHound03_13196	44	148	4	2	0	7	0.0	0.0	0.0	14
Dingo08_35299	6	184	5	3	0	7.33	2.31	0.0	0.0	22
AlgonquinWolf13470	90	106	2	0	0	0.0	0.0	0.0	0.0	0
VillDog_China07	58	136	1	1	2	24	0.0	-22	0.0	-20
BelgianTervuren20_34513	36	156	2	4	0	31	27.71	0.0	0.0	124
AmericanStaffordshireTerrier04	14	177	7	0	0	0.0	0.0	0.0	0.0	0
CatahoulaLeopardDog08_31598	28	163	6	1	0	10	0.0	0.0	0.0	10
GermanShepherd27	44	148	4	2	0	31	0.0	0.0	0.0	62
TreeingWalkerCoonhound02_26987	48	144	3	3	0	19	22.52	0.0	0.0	57
KunmingDog04	34	156	5	3	0	73.33	58.31	0.0	0.0	220
SilkyTerrier02_7299	46	147	2	3	0	15.67	16.74	0.0	0.0	47
VillDog_China13	34	154	5	5	0	26	11.87	0.0	0.0	130
EnglishSetter08	72	122	0	4	0	72	31.18	0.0	0.0	288
BorderTerrier02	46	147	3	2	0	7	0.0	0.0	0.0	14
GoldenRetriever10	30	165	1	2	0	6	0.0	0.0	0.0	12
BeardedCollie05	76	118	4	0	0	0.0	0.0	0.0	0.0	0
GreatDane05	34	159	5	0	0	0.0	0.0	0.0	0.0	0
Greyhound09	46	147	3	2	0	6	0.0	0.0	0.0	12
CockerSpanielAmerican07_12451	22	168	1	7	0	54.71	33.19	0.0	0.0	383
BelgianTervuren15_BT1259	60	134	4	0	0	0.0	0.0	0.0	0.0	0
PeruvianVillageDog05	76	120	0	2	0	45	0.0	0.0	0.0	90
CarolinaDog01_7771	24	169	4	1	0	6	0.0	0.0	0.0	6
VillDog_China51	36	159	3	0	0	0.0	0.0	0.0	0.0	0
VillDog_PapuaNG02	40	157	1	0	0	0.0	0.0	0.0	0.0	0
BullTerrier14_23602	44	151	3	0	0	0.0	0.0	0.0	0.0	0
RedWolf06	70	123	4	0	1	0.0	0.0	-22	0.0	-22
AlapahaBlueBloodBulldog02	24	164	4	6	0	30.33	23.75	0.0	0.0	182
Leonberger13	198	0	0	0	0	0.0	0.0	0.0	0.0	0
PeruvianVillageDog02	80	118	0	0	0	0.0	0.0	0.0	0.0	0
Wolf57	68	130	0	0	0	0.0	0.0	0.0	0.0	0
TibetanTerrier02	26	168	2	2	0	21.5	3.54	0.0	0.0	43
BergerPicard06_33252	46	146	4	2	0	7	0.0	0.0	0.0	14
TimberWolf01	102	92	4	0	0	0.0	0.0	0.0	0.0	0
EnglishMastiff04_30097	10	183	3	2	0	6.5	0.71	0.0	0.0	13
Wolf62	72	122	2	2	0	20	0.0	0.0	0.0	40
MiniatureSchnauzer10	76	118	0	4	0	48.5	14.43	0.0	0.0	194
BostonTerrier01_950	36	151	7	4	0	78.5	27.14	0.0	0.0	314
BelgianSheepdog12_34665	56	136	4	2	0	45	0.0	0.0	0.0	90
UnknownBreed27	44	148	4	2	0	59	0.0	0.0	0.0	118
VillDog_China21	30	165	1	2	0	10	0.0	0.0	0.0	20
Chinook01	46	148	4	0	0	0.0	0.0	0.0	0.0	0
RhodesianRidgeback04	44	148	4	2	0	59	0.0	0.0	0.0	118
BelgianMalinois28_24233	44	147	3	4	0	30	27.71	0.0	0.0	120
SaintBernard06_12749	46	146	3	3	0	41.67	30.02	0.0	0.0	125
YorkshireTerrier24	26	167	3	2	0	7	0.0	0.0	0.0	14
ChineseIndigenousDog14	70	128	0	0	0	0.0	0.0	0.0	0.0	0
UnknownBreed26	76	118	0	4	0	52	8.08	0.0	0.0	208
Chihuahua06	26	163	6	3	0	19	22.52	0.0	0.0	57
Dingo30	38	159	1	0	0	0.0	0.0	0.0	0.0	0
GreekTracer04	28	161	7	2	0	42	4.24	0.0	0.0	84
PembrokeWelshCorgi05_33363	50	140	4	4	0	45.25	25.85	0.0	0.0	181
VillDog_Egypt02	60	138	0	0	0	0.0	0.0	0.0	0.0	0
Wolf100	76	120	0	2	0	39	0.0	0.0	0.0	78
YorkshireTerrier09	40	155	3	0	0	0.0	0.0	0.0	0.0	0
MountainCur01_9321	54	142	0	2	0	45	0.0	0.0	0.0	90
Whippet01	56	136	6	0	0	0.0	0.0	0.0	0.0	0
Wolf87	56	136	6	0	0	0.0	0.0	0.0	0.0	0
PortugueseWaterDog15_34618	30	163	4	1	0	6	0.0	0.0	0.0	6
BullTerrier32_23720	6	184	7	1	0	7	0.0	0.0	0.0	7
TibetanSpaniel11	74	119	1	4	0	52	8.08	0.0	0.0	208
UnknownBreed14	68	127	2	1	0	13	0.0	0.0	0.0	13
Wolf70	60	134	2	2	0	39	0.0	0.0	0.0	78
VillDog_China30	36	159	3	0	0	0.0	0.0	0.0	0.0	0
BorderTerrier04	70	128	0	0	0	0.0	0.0	0.0	0.0	0
BelgianTervuren07_23576	64	126	4	4	0	35.5	0.58	0.0	0.0	142
Maltese15	80	112	2	4	0	78	47.34	0.0	0.0	312
CairnTerrier13	50	145	3	0	0	0.0	0.0	0.0	0.0	0
NewGuineaSingingDog01_30192	28	160	7	2	1	102	0.0	-59	0.0	145
JackRussellTerrier05	44	148	3	3	0	28.67	4.04	0.0	0.0	86
TreeingWalkerCoonhound01_23115	30	162	2	4	0	30.5	27.14	0.0	0.0	122
GlenofImaalTerrier01_4258	12	173	9	4	0	19.5	9.81	0.0	0.0	78
CurlyCoatedRetriever01	36	154	3	5	0	24	10.44	0.0	0.0	120
TibetanSpaniel14_5381	48	149	1	0	0	0.0	0.0	0.0	0.0	0
BelgianMalinois27	34	158	5	1	0	6	0.0	0.0	0.0	6
PortugueseWaterDog04_29986	54	142	2	0	0	0.0	0.0	0.0	0.0	0
ToyPoodle03_28359	48	142	3	5	0	55	51.8	0.0	0.0	275
Leonberger16	198	0	0	0	0	0.0	0.0	0.0	0.0	0
Dingo03_35294	26	161	9	0	2	0.0	0.0	-50	12.73	-100
YorkshireTerrier64	52	142	2	2	0	24	0.0	0.0	0.0	48
CirnecodellEtna02_31283	46	147	5	0	0	0.0	0.0	0.0	0.0	0
GL03.09	66	132	0	0	0	0.0	0.0	0.0	0.0	0
NeapolitanMastiff01_23560	12	175	10	1	0	6	0.0	0.0	0.0	6
GL11.17	100	96	2	0	0	0.0	0.0	0.0	0.0	0
Dingo22_35313	26	162	7	3	0	21	20.81	0.0	0.0	63
Coyote05	76	119	3	0	0	0.0	0.0	0.0	0.0	0
Dingo26	68	129	1	0	0	0.0	0.0	0.0	0.0	0
Wolf46	198	0	0	0	0	0.0	0.0	0.0	0.0	0
MIX_GoldenRetriever01	58	140	0	0	0	0.0	0.0	0.0	0.0	0
UnknownBreed10	48	144	4	2	0	38	0.0	0.0	0.0	76
NovaScotiaDuckTollingRetriever01	32	157	5	4	0	14	3.46	0.0	0.0	56
GiantSchnauzer01_20570	30	163	4	1	0	7	0.0	0.0	0.0	7
Wolf47	42	151	5	0	0	0.0	0.0	0.0	0.0	0
LagottoRomagnolo04	6	187	5	0	0	0.0	0.0	0.0	0.0	0
StaffordshireBullTerrier02_30237	54	139	3	2	0	45	0.0	0.0	0.0	90
Wolf69	56	135	5	2	0	33	0.0	0.0	0.0	66
Wolf32	44	150	4	0	0	0.0	0.0	0.0	0.0	0
YorkshireTerrier35	56	138	4	0	0	0.0	0.0	0.0	0.0	0
ShetlandSheepdog10_21202	74	116	4	4	0	30.5	20.21	0.0	0.0	122
BelgianTervuren17_BT1332	46	145	5	2	0	109	0.0	0.0	0.0	218
Jindo01	26	170	2	0	0	0.0	0.0	0.0	0.0	0
GL15.27	90	103	5	0	0	0.0	0.0	0.0	0.0	0
StandardPoodle07	26	167	2	3	0	19	22.52	0.0	0.0	57
VillDog_Qatar01	46	143	5	4	0	10.5	4.73	0.0	0.0	42
Doberman02	46	146	5	1	0	6	0.0	0.0	0.0	6
PatagonianOvejeroDog02_33715	66	126	4	2	0	64	0.0	0.0	0.0	128
Dingo07_35298	26	159	9	1	3	10	0.0	-40.67	18.5	-112
WolfTibetan04	28	163	7	0	0	0.0	0.0	0.0	0.0	0
Dingo14_35305	26	163	9	0	0	0.0	0.0	0.0	0.0	0
Maltese05	80	117	1	0	0	0.0	0.0	0.0	0.0	0
Greyhound04	48	145	3	2	0	27	0.0	0.0	0.0	54
LabradorRetriever17	46	146	5	1	0	45	0.0	0.0	0.0	45
Weimaraner01	46	144	7	1	0	59	0.0	0.0	0.0	59
GermanWirehairedPointer02_2484	46	146	4	2	0	6	0.0	0.0	0.0	12
WestHighlandWhiteTerr18_24496	42	148	4	4	0	36.75	34.93	0.0	0.0	147
ToyPoodle04	44	146	2	6	0	28.5	25.56	0.0	0.0	171
GreaterSwissMountainDog01	64	132	0	2	0	45	0.0	0.0	0.0	90
BullTerrier01	6	188	4	0	0	0.0	0.0	0.0	0.0	0
Elo01	46	146	2	4	0	18.5	14.43	0.0	0.0	74
FieldSpaniel04_28378	42	148	2	6	0	40	26.4	0.0	0.0	240
Newfoundland02	24	165	5	4	0	57.5	59.47	0.0	0.0	230
GlenofImaalTerrier04_4266	14	176	8	0	0	0.0	0.0	0.0	0.0	0
BorderTerrier03	30	160	7	1	0	35	0.0	0.0	0.0	35
Wolf37	38	158	2	0	0	0.0	0.0	0.0	0.0	0
AnatolianShepherdDog01_7584	44	148	3	3	0	81.33	65.24	0.0	0.0	244
YorkshireTerrier19	60	137	1	0	0	0.0	0.0	0.0	0.0	0
CretanTracer01	76	118	2	2	0	37	0.0	0.0	0.0	74
BerneseMountainDog24_28441	54	142	0	2	0	59	0.0	0.0	0.0	118
BullTerrier28_23704	12	176	7	3	0	81.67	64.66	0.0	0.0	245
SoftCoatedWheatenTerrier03	16	176	2	4	0	12.5	0.58	0.0	0.0	50
Komondor01_29392	48	144	4	2	0	6	0.0	0.0	0.0	12
BelgianTervuren01_27484	36	151	8	3	0	58	41.57	0.0	0.0	174
FlatCoatedRetriever10_30377	56	136	2	4	0	77	36.95	0.0	0.0	308
SpanishGalgo01	52	142	3	1	0	39	0.0	0.0	0.0	39
Dachshund10_8257	52	139	4	3	0	75.33	60.04	0.0	0.0	226
Pug01	96	102	0	0	0	0.0	0.0	0.0	0.0	0
AustralianTerrier01	40	154	2	2	0	55	0.0	0.0	0.0	110
CirnecodellEtna03_31284	30	165	1	2	0	52	0.0	0.0	0.0	104
NorwegianElkhound02_29785	52	137	3	6	0	67	26.71	0.0	0.0	402
AustralianTerrier02_30508	46	147	2	3	0	15.67	16.74	0.0	0.0	47
TibetanMastiff08	30	165	3	0	0	0.0	0.0	0.0	0.0	0
DandieDinmontTerrier01_7731	36	158	4	0	0	0.0	0.0	0.0	0.0	0
GoldenRetriever24	26	167	2	3	0	17.67	20.21	0.0	0.0	53
LabradorRetriever07	36	155	1	6	0	23.83	15.34	0.0	0.0	143
Weimaraner05	24	164	8	2	0	119	0.0	0.0	0.0	238
AustralianCattleDog03	26	162	9	1	0	10	0.0	0.0	0.0	10
BiewerTerrier05_31253	28	166	4	0	0	0.0	0.0	0.0	0.0	0
WestHighlandWhiteTerr06	48	144	4	2	0	6	0.0	0.0	0.0	12
BullTerrier07	48	148	2	0	0	0.0	0.0	0.0	0.0	0
NorfolkTerrier02_5353	10	175	8	5	0	61.8	56.63	0.0	0.0	309
BorderCollie02	72	118	4	4	0	19.5	9.81	0.0	0.0	78
Akbash01_15287	24	164	7	3	0	38.67	28.29	0.0	0.0	116
UnknownBreed05	54	142	2	0	0	0.0	0.0	0.0	0.0	0
EntlebucherSennenhund02	56	139	3	0	0	0.0	0.0	0.0	0.0	0
AlgonquinWolf13467	94	100	4	0	0	0.0	0.0	0.0	0.0	0
GreatPyrenees01	46	147	3	2	0	27	0.0	0.0	0.0	54
GermanShepherd12	44	149	3	2	0	27	0.0	0.0	0.0	54
MiniatureBullTerrier03_23779	44	148	4	2	0	59	0.0	0.0	0.0	118
TibetanSpaniel04	46	147	5	0	0	0.0	0.0	0.0	0.0	0
BoykinSpaniel04_9911	28	165	3	2	0	15	12.73	0.0	0.0	30
Leonberger19	26	165	3	4	0	32.5	30.6	0.0	0.0	130
TibetanMastiff10	30	161	7	0	0	0.0	0.0	0.0	0.0	0
ShetlandSheepdog17_26810	30	157	9	2	0	35	41.01	0.0	0.0	70
KunmingDog14	54	137	3	4	0	47	13.86	0.0	0.0	188
PharaohHound03_27789	26	162	7	3	0	41	19.05	0.0	0.0	123
FrenchBulldog03_14473	16	175	7	0	0	0.0	0.0	0.0	0.0	0
Dingo19_35310	56	139	2	1	0	54	0.0	0.0	0.0	54
GL14.07	80	114	4	0	0	0.0	0.0	0.0	0.0	0
CirnecodellEtna01_26441	26	164	6	2	0	14	4.24	0.0	0.0	28
Rottweiler10	76	122	0	0	0	0.0	0.0	0.0	0.0	0
PitBullTerrier03	24	168	4	2	0	59	0.0	0.0	0.0	118
BorderCollie10	76	119	2	1	0	35	0.0	0.0	0.0	35
GreatDane03	56	140	2	0	0	0.0	0.0	0.0	0.0	0
LhasaApso03_26983	78	117	1	2	0	45	0.0	0.0	0.0	90
BelgianSheepdog03_23572	50	146	2	0	0	0.0	0.0	0.0	0.0	0
ToyFoxTerrier01_8963	24	167	5	2	0	120	0.0	0.0	0.0	240
NeapolitanMastiff02_23561	34	162	1	1	0	6	0.0	0.0	0.0	6
MiniaturePoodle01_27535	60	133	4	1	0	7	0.0	0.0	0.0	7
KunmingDog10	40	147	4	7	0	57.14	31.17	0.0	0.0	400
NorwegianLundehund03	40	149	5	4	0	46.5	30.6	0.0	0.0	186
Wolf55	46	147	5	0	0	0.0	0.0	0.0	0.0	0
StandardSchnauzer04	24	170	2	2	0	59	0.0	0.0	0.0	118
GL12.05	82	116	0	0	0	0.0	0.0	0.0	0.0	0
MexicanHairless01	34	155	7	2	0	13.5	0.71	0.0	0.0	27
SilkyTerrier03_13190	20	171	5	2	0	6	0.0	0.0	0.0	12
EnglishFoxhound02_947	48	144	4	2	0	7	0.0	0.0	0.0	14
Wolf53	42	147	9	0	0	0.0	0.0	0.0	0.0	0
MiniatureBullTerrier01	48	146	4	0	0	0.0	0.0	0.0	0.0	0
ParsonsRussellTerrier02_12325	54	141	2	1	0	6	0.0	0.0	0.0	6
ParsonsRussellTerrier01	26	161	5	6	0	76.5	34.02	0.0	0.0	459
SealyhamTerrier10_34462	46	142	6	4	0	76.5	25.98	0.0	0.0	306
Wolf05	60	132	5	1	0	38	0.0	0.0	0.0	38
GermanShepherd24_35053	26	164	6	2	0	7	0.0	0.0	0.0	14
BelgianSheepdog13_35102	54	140	4	0	0	0.0	0.0	0.0	0.0	0
PhuquocRidgeback03_34880	44	151	2	1	0	6	0.0	0.0	0.0	6
Samoyed02	58	129	5	6	0	18.33	7.23	0.0	0.0	110
YorkshireTerrier68	56	140	2	0	0	0.0	0.0	0.0	0.0	0
Weimaraner03_13307	26	165	7	0	0	0.0	0.0	0.0	0.0	0
Maremma01_21897	44	146	6	2	0	54	0.0	0.0	0.0	108
GL15.63	62	133	3	0	0	0.0	0.0	0.0	0.0	0
DandieDinmontTerrier03_7733	6	180	9	3	0	91.67	47.34	0.0	0.0	275
EnglishSetter01	64	134	0	0	0	0.0	0.0	0.0	0.0	0
GL10.04	44	147	4	3	0	22.33	8.08	0.0	0.0	67
BerneseMountainDog06_1441	78	112	6	2	0	41	0.0	0.0	0.0	82
SilkyTerrier01_6209	48	146	2	2	0	7	0.0	0.0	0.0	14
Doberman08	26	164	8	0	0	0.0	0.0	0.0	0.0	0
SiberianHusky05	54	140	2	2	0	6	0.0	0.0	0.0	12
CockerSpanielAmerican05	46	148	2	2	0	6	0.0	0.0	0.0	12
CockerSpanielAmerican03	22	170	4	2	0	38	0.0	0.0	0.0	76
Dingo15_35306	22	164	8	4	0	32.75	25.7	0.0	0.0	131
YorkshireTerrier46	56	140	2	0	0	0.0	0.0	0.0	0.0	0
ShetlandSheepdog15_30371	82	112	4	0	0	0.0	0.0	0.0	0.0	0
JackRussellTerrier08	6	184	8	0	0	0.0	0.0	0.0	0.0	0
GrayFox01	106	90	0	2	0	39	0.0	0.0	0.0	78
GL15.49	146	52	0	0	0	0.0	0.0	0.0	0.0	0
YorkshireTerrier73	64	129	1	4	0	13.5	0.58	0.0	0.0	54
GL01.02	40	147	7	4	0	82.5	31.75	0.0	0.0	330
Hovawart03	44	148	6	0	0	0.0	0.0	0.0	0.0	0
VillDog_China25	34	157	7	0	0	0.0	0.0	0.0	0.0	0
Kuvasz02_6230	26	167	3	2	0	6	0.0	0.0	0.0	12
Doberman07	26	163	7	2	0	29	22.63	0.0	0.0	58
GiantSchnauzer02_21940	46	145	6	1	0	33	0.0	0.0	0.0	33
CavalierKingCharlesSpaniel01	24	166	6	2	0	120	0.0	0.0	0.0	240
Rottweiler08	42	152	2	2	0	52	9.9	0.0	0.0	104
SealyhamTerrier08_34461	44	148	2	4	0	22.25	18.19	0.0	0.0	89
CockerSpanielAmerican06	56	138	2	2	0	37	0.0	0.0	0.0	74
AustralianShepherd07_29479	52	141	5	0	0	0.0	0.0	0.0	0.0	0
ItalianGreyhound02	54	141	3	0	0	0.0	0.0	0.0	0.0	0
NewGuineaSingingDog12_35132	24	166	6	2	0	55	0.0	0.0	0.0	110
ScottishDeerhound09_34151	26	167	5	0	0	0.0	0.0	0.0	0.0	0
Dhole02	76	108	12	2	0	35	0.0	0.0	0.0	70
SmoothFoxTerrier05_33294	64	132	2	0	0	0.0	0.0	0.0	0.0	0
GermanShepherd26_35063	48	144	4	2	0	55	0.0	0.0	0.0	110
GL14.17	32	159	7	0	0	0.0	0.0	0.0	0.0	0
EntlebucherSennenhund09_12841	52	142	4	0	0	0.0	0.0	0.0	0.0	0
VillDog_Vietnam01	74	122	2	0	0	0.0	0.0	0.0	0.0	0
ChowChow02_13802	22	167	6	3	0	23	15.13	0.0	0.0	69
BullTerrier03_23604	24	165	6	3	0	29.67	14.43	0.0	0.0	89
BichonFrise01	86	112	0	0	0	0.0	0.0	0.0	0.0	0
CockerSpanielAmerican09_12453	48	139	3	8	0	24.75	15.57	0.0	0.0	198
GermanWirehairedPointer03_2486	26	163	6	3	0	16.33	16.17	0.0	0.0	49
Chihuahua05	24	167	5	2	0	59	0.0	0.0	0.0	118
VillDog_India01	36	160	2	0	0	0.0	0.0	0.0	0.0	0
MIX_Dachshund01	42	148	3	5	0	27.2	29.03	0.0	0.0	136
VillDog_China19	38	155	4	1	0	11	0.0	0.0	0.0	11
BelgianTervuren04_24613	66	130	0	2	0	45	0.0	0.0	0.0	90
BichonFrise02_974	32	160	4	2	0	7	0.0	0.0	0.0	14
Puli01_27429	52	141	5	0	0	0.0	0.0	0.0	0.0	0
WestHighlandWhiteTerr29	198	0	0	0	0	0.0	0.0	0.0	0.0	0
Wolf64	60	130	3	4	1	14	3.46	-22	0.0	34
UnknownBreed20	64	132	0	2	0	24	0.0	0.0	0.0	48
YorkshireTerrier48	60	136	2	0	0	0.0	0.0	0.0	0.0	0
BrusselsGriffon06_3036	4	187	7	0	0	0.0	0.0	0.0	0.0	0
VillDog_China03	66	131	1	0	0	0.0	0.0	0.0	0.0	0
ShetlandSheepdog01_11617	30	159	9	0	0	0.0	0.0	0.0	0.0	0
Wolf20	50	137	5	6	0	19.67	9.18	0.0	0.0	118
CaneCorso01	46	145	4	3	0	12.67	9.81	0.0	0.0	38
Dachshund02	34	155	5	4	0	29	18.48	0.0	0.0	116
Dalmatian04_13301	56	134	8	0	0	0.0	0.0	0.0	0.0	0
VillDog_China52	66	129	3	0	0	0.0	0.0	0.0	0.0	0
Wolf_WO002_732	82	114	2	0	0	0.0	0.0	0.0	0.0	0
LabradorRetriever01	46	145	3	4	0	9.25	3.77	0.0	0.0	37
Chinook03_33141	44	148	6	0	0	0.0	0.0	0.0	0.0	0
Maltese09	64	131	1	2	0	101	0.0	0.0	0.0	202
YorkshireTerrier50	44	151	2	1	0	20	0.0	0.0	0.0	20
YorkshireTerrier33	36	155	5	2	0	27.5	4.95	0.0	0.0	55
BullTerrier34_23723	46	146	4	2	0	14	4.24	0.0	0.0	28
YorkshireTerrier43	110	84	4	0	0	0.0	0.0	0.0	0.0	0
ChineseIndigenousDog05	52	143	2	0	1	0.0	0.0	-22	0.0	-22
CurlyCoatedRetriever03	44	146	6	2	0	109	0.0	0.0	0.0	218
ClumberSpaniel02_27422	28	164	5	1	0	6	0.0	0.0	0.0	6
Dachshund15	52	144	0	2	0	45	0.0	0.0	0.0	90
GoldenRetriever07	54	140	2	2	0	10	0.0	0.0	0.0	20
YorkshireTerrier38	56	138	4	0	0	0.0	0.0	0.0	0.0	0
Dingo01	66	131	1	0	0	0.0	0.0	0.0	0.0	0
LabradorRetriever19	56	138	0	4	0	79	46.19	0.0	0.0	316
YorkshireTerrier21	58	136	4	0	0	0.0	0.0	0.0	0.0	0
StandardPoodle01	50	142	2	4	0	19	13.86	0.0	0.0	76
Chinook06_33257	30	160	7	1	0	6	0.0	0.0	0.0	6
WolfTibetan07	72	124	2	0	0	0.0	0.0	0.0	0.0	0
Rottweiler02	58	140	0	0	0	0.0	0.0	0.0	0.0	0
UnknownBreed17	10	185	1	2	0	7	0.0	0.0	0.0	14
Basenji05	46	148	2	2	0	6	0.0	0.0	0.0	12
SealyhamTerrier09_34460	52	141	4	1	0	6	0.0	0.0	0.0	6
MiniatureBullTerrier02_23778	6	185	6	1	0	7	0.0	0.0	0.0	7
FinnishLapphund01	56	140	2	0	0	0.0	0.0	0.0	0.0	0
Dingo23	38	157	3	0	0	0.0	0.0	0.0	0.0	0
GL15.26	96	102	0	0	0	0.0	0.0	0.0	0.0	0
IbizanHound05_1164	22	168	3	5	0	42.4	28.88	0.0	0.0	212
BelgianLaekenois01_34575	78	118	0	2	0	45	0.0	0.0	0.0	90
ToyPoodle01_10442	26	166	4	2	0	20.5	20.51	0.0	0.0	41
PembrokeWelshCorgi04_29405	44	148	2	4	0	33	30.02	0.0	0.0	132
ChineseIndigenousDog12	26	166	6	0	0	0.0	0.0	0.0	0.0	0
DogoArgentino01_22900	24	168	3	3	0	73.33	58.31	0.0	0.0	220
TibetanMastiff04	60	136	2	0	0	0.0	0.0	0.0	0.0	0
UnknownBreed22	44	151	3	0	0	0.0	0.0	0.0	0.0	0
EnglishPointer02	56	139	3	0	0	0.0	0.0	0.0	0.0	0
RedWolf05	90	103	5	0	0	0.0	0.0	0.0	0.0	0
BerneseMountainDog09_4666	62	133	1	2	0	15	0.0	0.0	0.0	30
Wolf18	26	160	9	3	0	11.33	5.51	0.0	0.0	34
BichonFrise03_13125	44	149	3	2	0	55	0.0	0.0	0.0	110
GlenofImaalTerrier02_4263	12	172	10	4	0	19.5	9.81	0.0	0.0	78
UnknownBreed16	8	188	2	0	0	0.0	0.0	0.0	0.0	0
GermanHuntingTerrier01	50	147	1	0	0	0.0	0.0	0.0	0.0	0
LabradorRetriever06	36	154	6	2	0	39	0.0	0.0	0.0	78
CretanTracer03	42	150	3	3	0	52.33	11.55	0.0	0.0	157
Sloughi01	46	147	4	1	0	6	0.0	0.0	0.0	6
GoldenRetriever26	52	138	0	8	0	30.25	17.43	0.0	0.0	242
Chinook02_33140	44	145	5	4	0	78.5	27.14	0.0	0.0	314
ChineseIndigenousDog08	42	150	2	4	0	23.25	17.15	0.0	0.0	93
YorkshireTerrier01	44	151	3	0	0	0.0	0.0	0.0	0.0	0
ScottishTerrier11_29815	54	140	4	0	0	0.0	0.0	0.0	0.0	0
Basenji03	26	165	5	2	0	6	0.0	0.0	0.0	12
FlatCoatedRetriever08_28072	30	155	5	8	0	59.25	41.52	0.0	0.0	474
CatahoulaLeopardDog01_Reseqx2_33138	42	150	3	3	0	54.33	8.08	0.0	0.0	163
Wolf96	60	127	11	0	0	0.0	0.0	0.0	0.0	0
GL11.13	84	114	0	0	0	0.0	0.0	0.0	0.0	0
Saluki01_1233	24	170	2	2	0	6	0.0	0.0	0.0	12
Mudi01_33142	26	167	3	2	0	7	0.0	0.0	0.0	14
UnknownPoodle01	44	149	3	2	0	27	0.0	0.0	0.0	54
TibetanSpaniel09	52	142	2	2	0	31	0.0	0.0	0.0	62
CatahoulaLeopardDog01_Reseq_33138	26	166	3	3	0	9	3.46	0.0	0.0	27
Wolf91	68	125	5	0	0	0.0	0.0	0.0	0.0	0
MixedBreed10	28	166	2	2	0	24.5	16.26	0.0	0.0	49
GermanShepherd28	44	148	4	2	0	59	0.0	0.0	0.0	118
QuebecWolf	100	98	0	0	0	0.0	0.0	0.0	0.0	0
AfricanWildDog03	198	0	0	0	0	0.0	0.0	0.0	0.0	0
RedWolf03	94	104	0	0	0	0.0	0.0	0.0	0.0	0
SaintBernard05_12751	36	157	4	1	0	35	0.0	0.0	0.0	35
Bern_AlpineDachsbracke	34	161	3	0	0	0.0	0.0	0.0	0.0	0
BerneseMountainDog25_33589	58	136	2	2	0	59	0.0	0.0	0.0	118
Otterhound01_26411	42	149	3	4	0	62.75	64.95	0.0	0.0	251
GL13.09	48	147	3	0	0	0.0	0.0	0.0	0.0	0
ShetlandSheepdog18_28494	46	146	3	3	0	17	19.05	0.0	0.0	51
MiniatureBullTerrier05_11474	12	179	6	1	0	19	0.0	0.0	0.0	19
EnglishSetter03	56	138	1	3	0	28.67	18.23	0.0	0.0	86
CurlyCoatedRetriever04	46	148	1	3	0	17	19.05	0.0	0.0	51
Wolf34	46	144	5	3	0	18	10.39	0.0	0.0	54
ShibaInu01	56	137	3	2	0	22	0.0	0.0	0.0	44
Dingo18_35309	22	168	8	0	0	0.0	0.0	0.0	0.0	0
GoldenJackal01	78	110	10	0	0	0.0	0.0	0.0	0.0	0
Pumi02_29695	54	141	3	0	0	0.0	0.0	0.0	0.0	0
YorkshireTerrier55	36	155	6	1	0	24	0.0	0.0	0.0	24
BelgianSheepdog02_23570	56	136	4	2	0	38	0.0	0.0	0.0	76
AlaskanMalamute04	198	0	0	0	0	0.0	0.0	0.0	0.0	0
Doberman01	38	152	8	0	0	0.0	0.0	0.0	0.0	0
WireFoxTerrier01_8391	28	169	1	0	0	0.0	0.0	0.0	0.0	0
Wolf26	76	111	7	4	0	8.5	2.89	0.0	0.0	34
GL01.18	26	164	8	0	0	0.0	0.0	0.0	0.0	0
MixedBreed07	60	136	0	0	2	0.0	0.0	-196	0.0	-392
VillDog_China31	30	159	6	3	0	16.33	4.62	0.0	0.0	49
VillDog_Vietnam06	44	149	3	2	0	6	0.0	0.0	0.0	12
CardiganWelshCorgi03_33212	26	163	7	2	0	7	0.0	0.0	0.0	14
Dingo28	42	150	3	3	0	7.33	2.31	0.0	0.0	22
GoldenJackal03	96	96	6	0	0	0.0	0.0	0.0	0.0	0
LabradorRetriever03	54	141	3	0	0	0.0	0.0	0.0	0.0	0
ScottishTerrier04	54	138	4	2	0	39	0.0	0.0	0.0	78
WestHighlandWhiteTerr13_10023	10	174	10	4	0	18.75	19.7	0.0	0.0	75
PeruvianVillageDog01	16	175	5	2	0	45	0.0	0.0	0.0	90
YorkshireTerrier14	30	163	3	2	0	31	0.0	0.0	0.0	62
BeardedCollie04	76	116	4	2	0	31	0.0	0.0	0.0	62
GlenofImaalTerrier03_4265	16	172	8	2	0	45	0.0	0.0	0.0	90
Wolf28	56	136	4	2	0	35	0.0	0.0	0.0	70
BelgianMalinois26	34	156	5	3	0	36.67	26.56	0.0	0.0	110
VillDog_Borneo03	42	150	6	0	0	0.0	0.0	0.0	0.0	0
YorkshireTerrier13	40	156	2	0	0	0.0	0.0	0.0	0.0	0
GermanShepherd22_30958	28	162	6	2	0	7	0.0	0.0	0.0	14
PortugueseWaterDog08_29911	74	118	0	6	0	69	29.77	0.0	0.0	414
GL08.03	80	117	1	0	0	0.0	0.0	0.0	0.0	0
MiniaturePoodle02	22	172	2	2	0	12.5	9.19	0.0	0.0	25
VillDog_Borneo01	36	160	2	0	0	0.0	0.0	0.0	0.0	0
Wolf106	78	117	1	2	0	24	0.0	0.0	0.0	48
GermanShepherd02	46	149	3	0	0	0.0	0.0	0.0	0.0	0
Greyhound02	54	143	1	0	0	0.0	0.0	0.0	0.0	0
SussexSpaniel02_7640	46	148	4	0	0	0.0	0.0	0.0	0.0	0
Maltese10	70	128	0	0	0	0.0	0.0	0.0	0.0	0
CairnTerrier04	56	137	4	1	0	45	0.0	0.0	0.0	45
Coyote04	80	113	4	1	0	6	0.0	0.0	0.0	6
GL10.17	110	79	3	6	0	13.67	2.73	0.0	0.0	82
PembrokeWelshCorgi03	44	147	3	4	0	17	11.55	0.0	0.0	68
Wolf61	66	127	3	2	0	28	0.0	0.0	0.0	56
Maltese07	50	146	1	1	0	28	0.0	0.0	0.0	28
Wolf77	54	133	9	2	0	19	0.0	0.0	0.0	38
VillDog_China42	60	134	0	4	0	13.5	0.58	0.0	0.0	54
GreekTracer02	24	164	8	2	0	59	0.0	0.0	0.0	118
Leonberger08	50	145	1	2	0	6	0.0	0.0	0.0	12
BullTerrier06	44	148	4	2	0	59	0.0	0.0	0.0	118
WolfTibetan08	40	153	4	1	0	13	0.0	0.0	0.0	13
IrishWaterSpaniel02_30479	26	167	4	1	0	6	0.0	0.0	0.0	6
SmoothFoxTerrier01_7935	46	147	4	1	0	7	0.0	0.0	0.0	7
YorkshireTerrier37	28	163	4	3	0	12	10.39	0.0	0.0	36
Pug06	26	165	7	0	0	0.0	0.0	0.0	0.0	0
BullTerrier33_23722	44	148	4	2	0	55	0.0	0.0	0.0	110
Wolf105	58	132	4	4	0	13.5	0.58	0.0	0.0	54
ToyFoxTerrier04_13139	40	154	3	1	0	36	0.0	0.0	0.0	36
Dingo12_35303	24	162	7	5	0	57.6	48.79	0.0	0.0	288
BassetHound04	54	138	4	2	0	7	0.0	0.0	0.0	14
Greyhound05	46	151	1	0	0	0.0	0.0	0.0	0.0	0
BrusselsGriffon04_21511	26	163	9	0	0	0.0	0.0	0.0	0.0	0
Chinook08_33360	26	165	5	2	0	7	0.0	0.0	0.0	14
BelgianMalinois03	48	148	1	1	0	28	0.0	0.0	0.0	28
Samoyed04_33261	56	138	2	2	0	45	0.0	0.0	0.0	90
ShetlandSheepdog04_15112	26	161	10	1	0	41	0.0	0.0	0.0	41
NorwegianBuhund02_31794	48	143	4	3	0	82.33	32.33	0.0	0.0	247
AlaskanWolf	82	114	2	0	0	0.0	0.0	0.0	0.0	0
GL12.08	46	150	2	0	0	0.0	0.0	0.0	0.0	0
Pointer02_15391	42	146	5	5	0	44.8	21.7	0.0	0.0	224
WestHighlandWhiteTerr09	6	183	6	3	0	11	6.93	0.0	0.0	33
AmericanStaffordshireTerrier02_24262	50	145	3	0	0	0.0	0.0	0.0	0.0	0
StandardSchnauzer02	22	169	2	5	0	80.4	19.76	0.0	0.0	402
MastinoAbruzzese01_24546	24	167	2	5	0	35	27.08	0.0	0.0	175
BoykinSpaniel03_10013	24	166	4	4	0	62.75	39.89	0.0	0.0	251
ClumberSpaniel03_33091	40	149	5	4	0	37.5	21.42	0.0	0.0	150
EntlebucherSennenhund08	46	147	3	2	0	7	0.0	0.0	0.0	14
BostonTerrier02	26	164	7	1	0	54	0.0	0.0	0.0	54
GoldenRetriever01	34	161	1	2	0	6	0.0	0.0	0.0	12
Vizsla01	34	159	5	0	0	0.0	0.0	0.0	0.0	0
BelgianTervuren02_22754	68	128	0	2	0	24	0.0	0.0	0.0	48
Wolf30	82	115	1	0	0	0.0	0.0	0.0	0.0	0
WolfTibetan06	60	131	7	0	0	0.0	0.0	0.0	0.0	0
Hovawart02	26	164	6	2	0	7	0.0	0.0	0.0	14
BiewerTerrier02_31246	40	153	3	2	0	59	0.0	0.0	0.0	118
Mudi01_Reseq_33142	32	162	2	2	0	7	0.0	0.0	0.0	14
Wolf36	22	172	3	1	0	27	0.0	0.0	0.0	27
IndigenousDogNigeria04	28	163	4	3	0	17	3.46	0.0	0.0	51
ChesapeakeBayRetriever04	30	159	6	3	0	16.33	17.9	0.0	0.0	49
Beagle03	8	185	4	1	0	7	0.0	0.0	0.0	7
ShibaInu04	38	159	1	0	0	0.0	0.0	0.0	0.0	0
GlenofImallTerrier06_4261	16	170	10	2	0	45	0.0	0.0	0.0	90
AustralianCattleDog01	38	154	3	3	0	28	19.05	0.0	0.0	84
Wolf51	198	0	0	0	0	0.0	0.0	0.0	0.0	0
Doberman06	24	166	8	0	0	0.0	0.0	0.0	0.0	0
PortugueseWaterDog11_30165	68	129	1	0	0	0.0	0.0	0.0	0.0	0
BullTerrier39_23703	46	148	4	0	0	0.0	0.0	0.0	0.0	0
UnknownBreed12	24	168	4	2	0	31	0.0	0.0	0.0	62
EnglishSetter02	44	148	2	4	0	13	8.08	0.0	0.0	52
Tornjak01	72	126	0	0	0	0.0	0.0	0.0	0.0	0
GoldenRetriever02	76	116	2	4	0	25.5	15.59	0.0	0.0	102
BelgianTervuren19_33058	50	136	6	6	0	31	19.37	0.0	0.0	186
TosaInu01_21914	46	145	3	4	0	16	19.34	0.0	0.0	64
ScottishDeerhound01	26	167	5	0	0	0.0	0.0	0.0	0.0	0
YorkshireTerrier44	28	166	4	0	0	0.0	0.0	0.0	0.0	0
AiredaleTerrier06	58	136	3	1	0	45	0.0	0.0	0.0	45
Chinook07_33317	46	146	6	0	0	0.0	0.0	0.0	0.0	0
TibetanTerrier05	58	140	0	0	0	0.0	0.0	0.0	0.0	0
Pomeranian02	74	122	0	2	0	45	0.0	0.0	0.0	90
SoftCoatedWheatenTerrier06_13026	6	182	7	3	0	23	27.71	0.0	0.0	69
AlpineDachsbrake02	46	146	6	0	0	0.0	0.0	0.0	0.0	0
ShihTzu01	80	118	0	0	0	0.0	0.0	0.0	0.0	0
Coyote06	72	116	6	4	0	8.5	2.89	0.0	0.0	34
NorwegianLundehund06_31833	46	148	2	2	0	6.5	0.71	0.0	0.0	13
ChineseSharpei02	46	150	2	0	0	0.0	0.0	0.0	0.0	0
Wolf99	78	117	1	2	0	35	0.0	0.0	0.0	70
WestHighlandWhiteTerr12	6	182	8	2	0	7	0.0	0.0	0.0	14
Wolf110	50	137	7	4	0	8.5	2.89	0.0	0.0	34
BullTerrier23_23668	58	136	3	1	0	39	0.0	0.0	0.0	39
PortugueseWaterDog09_Reseq_30157	48	146	2	2	0	54	0.0	0.0	0.0	108
GiantSchnauzer05	54	138	4	2	0	59	0.0	0.0	0.0	118
TibetanSpaniel06	86	112	0	0	0	0.0	0.0	0.0	0.0	0
Affenpinscher01_33500	10	178	10	0	0	0.0	0.0	0.0	0.0	0
IndigenousDogVietnam01	28	165	5	0	0	0.0	0.0	0.0	0.0	0
SpinoneItaliano05_31638	24	165	7	2	0	110	0.0	0.0	0.0	220
ShetlandSheepdog07_16128	26	164	8	0	0	0.0	0.0	0.0	0.0	0
Beagle04	36	158	2	2	0	31	0.0	0.0	0.0	62
PetitBassetGriffonVendeen01	34	154	6	4	0	14	3.46	0.0	0.0	56
SaintBernard04_12750	24	166	4	4	0	67.25	50.77	0.0	0.0	269
GoldenRetriever22_797	34	160	1	3	0	49.67	4.04	0.0	0.0	149
LabradorRetriever05	48	146	2	2	0	14	4.24	0.0	0.0	28
BorderCollie12	66	124	5	3	0	16.33	17.9	0.0	0.0	49
Wolf54	198	0	0	0	0	0.0	0.0	0.0	0.0	0
GermanShepherd15	46	148	4	0	0	0.0	0.0	0.0	0.0	0
BerneseMountainDog08_4164	58	136	0	4	0	58.5	15.59	0.0	0.0	234
Pug02	84	114	0	0	0	0.0	0.0	0.0	0.0	0
SpinoneItaliano06_31641	56	140	2	0	0	0.0	0.0	0.0	0.0	0
WestHighlandWhiteTerr24	198	0	0	0	0	0.0	0.0	0.0	0.0	0
Wolf58	62	135	1	0	0	0.0	0.0	0.0	0.0	0
AlaskanMalamute03	48	140	5	5	0	30.4	26.4	0.0	0.0	152
BelgianTervuren09_28308	38	155	3	2	0	45	0.0	0.0	0.0	90
Pointer01_15390	44	147	2	5	0	19.2	17.17	0.0	0.0	96
LagottoRomagnolo02	42	150	2	4	0	12.5	7.51	0.0	0.0	50
Boerboel01_21873	46	148	3	1	0	6	0.0	0.0	0.0	6
YorkshireTerrier06	44	149	1	4	0	17	11.55	0.0	0.0	68
YorkshireTerrier28	36	160	2	0	0	0.0	0.0	0.0	0.0	0
GrandeBassetGriffonVendeen01_5370	26	159	9	4	0	61.5	54.9	0.0	0.0	246
ItalianGreyhound01	52	143	3	0	0	0.0	0.0	0.0	0.0	0
Dingo31	56	136	6	0	0	0.0	0.0	0.0	0.0	0
Basenji01	44	150	4	0	0	0.0	0.0	0.0	0.0	0
VillDog_China36	78	116	0	4	0	27.5	4.04	0.0	0.0	110
EnglishSpringerSpaniel08	44	150	4	0	0	0.0	0.0	0.0	0.0	0
IndigenousDogVietnam05	30	161	7	0	0	0.0	0.0	0.0	0.0	0
LabradorRetriever21	56	134	4	4	0	30.5	20.21	0.0	0.0	122
LagottoRomagnolo07_31299	28	163	5	2	0	6.5	0.71	0.0	0.0	13
PhuquocRidgeback02_34878	20	172	6	0	0	0.0	0.0	0.0	0.0	0
Akita01_12758	32	159	6	1	0	6	0.0	0.0	0.0	6
BerneseMountainDog22_26577	56	142	0	0	0	0.0	0.0	0.0	0.0	0
Wolf52	198	0	0	0	0	0.0	0.0	0.0	0.0	0
GL01.03	112	84	2	0	0	0.0	0.0	0.0	0.0	0
YorkshireTerrier53	54	140	2	2	0	24	0.0	0.0	0.0	48
BelgianSheepdog04_24974	60	135	3	0	0	0.0	0.0	0.0	0.0	0
EnglishFoxhound03_27119	42	148	5	3	0	73.67	57.74	0.0	0.0	221
WestHighlandWhiteTerr17_23537	28	160	8	2	0	7	0.0	0.0	0.0	14
GreaterSwissMountainDog02	56	140	0	2	0	39	0.0	0.0	0.0	78
EnglishSpringerSpaniel03	52	137	5	4	0	14	3.46	0.0	0.0	56
GlenofImaalTerrier05_4268	14	176	6	2	0	22.5	23.33	0.0	0.0	45
MiniatureSchnauzer17	198	0	0	0	0	0.0	0.0	0.0	0.0	0
IrishWaterSpaniel03_30480	48	146	2	2	0	6	0.0	0.0	0.0	12
Heideterrier01	36	157	1	4	0	29	18.48	0.0	0.0	116
ChowChow07_30210	44	145	8	0	1	0.0	0.0	-196	0.0	-196
WireFoxTerrier02_11119	26	165	3	4	0	16	10.61	0.0	0.0	64
NorwegianElkhound01	52	144	2	0	0	0.0	0.0	0.0	0.0	0
SwedishLapphund01	36	152	6	4	0	30	3.46	0.0	0.0	120
CockerSpanielEnglish05	46	148	4	0	0	0.0	0.0	0.0	0.0	0
Wolf40	80	117	1	0	0	0.0	0.0	0.0	0.0	0
BelgianTervuren14_BT1246	30	161	5	2	0	6	0.0	0.0	0.0	12
TibetanSpaniel08	78	118	0	2	0	102	0.0	0.0	0.0	204
BelgianMalinois05	48	147	2	1	0	6	0.0	0.0	0.0	6
StdManchesterTerrier03_33491	76	121	1	0	0	0.0	0.0	0.0	0.0	0
Wolf41	46	141	10	1	0	20	0.0	0.0	0.0	20
PembrokeWelshCorgi01	26	166	4	2	0	7	0.0	0.0	0.0	14
VillDog_China23	60	131	3	4	0	15	10.39	0.0	0.0	60
WestHighlandWhiteTerr03	24	162	8	4	0	22.5	17.9	0.0	0.0	90
TibetanMastiff09	34	161	3	0	0	0.0	0.0	0.0	0.0	0
GL12.13	60	138	0	0	0	0.0	0.0	0.0	0.0	0
BergerPicard07	46	146	4	2	0	7	0.0	0.0	0.0	14
Rottweiler11_25111	38	157	2	1	0	6	0.0	0.0	0.0	6
VillDog_China22	34	160	2	2	0	13.5	0.71	0.0	0.0	27
Bulldog01_14566	8	182	4	4	0	31.25	22.04	0.0	0.0	125
YorkshireTerrier08	32	161	3	2	0	24	0.0	0.0	0.0	48
BerneseMountainDog07_2488	76	120	0	2	0	7	0.0	0.0	0.0	14
BelgianTervuren18_BT1355	60	126	6	6	0	47	43.28	0.0	0.0	282
ScottishTerrier05_7790	50	144	4	0	0	0.0	0.0	0.0	0.0	0
AlaskanMalamute02	48	144	5	1	0	6	0.0	0.0	0.0	6
PitBullTerrier02	26	165	6	1	0	6	0.0	0.0	0.0	6
CavalierKingCharlesSpaniel02	46	146	6	0	0	0.0	0.0	0.0	0.0	0
StdManchesterTerrier05_33518	76	120	0	2	0	107	0.0	0.0	0.0	214
SpinoneItaliano04_30561	52	139	2	5	0	50.2	47.76	0.0	0.0	251
FlatCoatedRetriever01_20576	58	136	2	2	0	39	0.0	0.0	0.0	78
Wolf21	62	133	3	0	0	0.0	0.0	0.0	0.0	0
VillDog_India03	46	150	2	0	0	0.0	0.0	0.0	0.0	0
CaneCorso03	22	169	2	5	0	66	40.11	0.0	0.0	330
StandardSchnauzer01	82	116	0	0	0	0.0	0.0	0.0	0.0	0
YorkshireTerrier77_14954	52	139	3	4	0	74	33.49	0.0	0.0	296
BelgianSheepdog08_30647	48	145	4	1	0	37	0.0	0.0	0.0	37
IbizanHound03_1228	66	120	6	6	0	26.67	14.04	0.0	0.0	160
SealyhamTerrier01_33230	48	148	2	0	0	0.0	0.0	0.0	0.0	0
PatagonianOvejeroDog05_34831	44	148	2	4	0	32.5	30.6	0.0	0.0	130
CaucasianOvcharka01	48	148	2	0	0	0.0	0.0	0.0	0.0	0
BorderTerrier01	78	118	0	2	0	24	0.0	0.0	0.0	48
Grossspitz01	54	136	4	4	0	29	18.48	0.0	0.0	116
SoftCoatedWheatenTerrier02	14	172	8	4	0	12.5	0.58	0.0	0.0	50
KellyBlueTerrier03	70	124	0	4	0	56	12.7	0.0	0.0	224
JackRussellTerrier07	6	182	7	3	0	37.33	30.53	0.0	0.0	112
Pekingese01_23356	44	151	3	0	0	0.0	0.0	0.0	0.0	0
TibetanSpaniel07	70	125	1	2	0	19.5	12.02	0.0	0.0	39
BouvierDesFlandres03	24	164	5	5	0	57.8	58.17	0.0	0.0	289
AfricanGoldenWolf03	84	109	5	0	0	0.0	0.0	0.0	0.0	0
Wolf84	34	157	5	2	0	109	0.0	0.0	0.0	218
EnglishMastiff05	46	148	4	0	0	0.0	0.0	0.0	0.0	0
WestHighlandWhiteTerr20	198	0	0	0	0	0.0	0.0	0.0	0.0	0
BiewerTerrier03_31247	2	185	9	2	0	109	0.0	0.0	0.0	218
Dingo32	54	136	4	4	0	25.5	17.9	0.0	0.0	102
ShetlandSheepdog08_20204	22	166	8	2	0	27	0.0	0.0	0.0	54
GL15.62	116	80	2	0	0	0.0	0.0	0.0	0.0	0
Dalmatian02	50	139	3	6	0	23.33	9.65	0.0	0.0	140
ChineseCrested06	46	148	4	0	0	0.0	0.0	0.0	0.0	0
BorderCollie23_34101	26	165	3	4	0	25.5	22.52	0.0	0.0	102
GL03.03	92	104	0	2	0	7	0.0	0.0	0.0	14
Boerboel02_33148	60	137	1	0	0	0.0	0.0	0.0	0.0	0
Wolf03	38	156	4	0	0	0.0	0.0	0.0	0.0	0
Coyote07	92	103	3	0	0	0.0	0.0	0.0	0.0	0
CatahoulaLeopardDog03_33139	44	149	4	1	0	7	0.0	0.0	0.0	7
GordonSetter01	26	162	8	2	0	13.5	0.71	0.0	0.0	27
VillDog_China01	76	115	1	6	0	19.33	9.05	0.0	0.0	116
